respondent_id,All matters on wellness were effectively communicated throughout the year(nuggets/teasers/flyers)?,The Wellness champion/ambassador in my division was proactively engaged in the 2016 Aon Wellness Program,"I was satisfied with the elaborate scope of wellness offerings/services (checksups/talks, launch, etc) provided in 2016?","All things considered, I was extremely satisfied with the overall 2016 Wellness Program experience?",What did you like best about the 2016 Aon Staff Wellness Program?,What did you like least about the 2016 Aon Staff Wellness Program?,Any suggestions for improvement? List below
6126227004.0,Agree,Agree,Agree,Agree,  expressing myself,No response,improve on the areas mentioned
6124808025.0,Strongly agree,No response,No response,No response,No response,No response,No response
6124643109.0,Disagree,Neither agree nor disagree/neutral,Agree,Neither agree nor disagree/neutral,"The exercises that we were taken through like the Zumba, Dancing etc",There were few Wellness programs or activities in 2016,Add some more time in educating us and also more activities for the same
6124588433.0,Agree,Neither agree nor disagree/neutral,Agree,Agree,Staff engagement,No response,No response
6124588432.0,Agree,No response,No response,No response,No response,No response,No response
6123634637.0,Strongly agree,Agree,Agree,Neither agree nor disagree/neutral,No response,No response,No response
6123330622.0,Agree,Agree,Agree,Agree,No response,No response,No response
6123897549.0,Disagree,No response,No response,No response,No response,No response,No response
6123779778.0,Agree,No response,No response,No response,No response,No response,No response
6123680719.0,Agree,Agree,Agree,Agree,No response,No response,No response
6123654449.0,Disagree,No response,No response,No response,No response,No response,No response
6123329218.0,Neither agree nor disagree/neutral,Strongly disagree,Neither agree nor disagree/neutral,Disagree,Professional talks,Passive champions,No response
6123627248.0,Strongly agree,No response,No response,No response,No response,No response,No response
6123597315.0,Agree,Agree,Agree,Agree,No response,No response,No response
6123582059.0,Strongly disagree,No response,No response,No response,No response,No response,No response
6123561277.0,Agree,No response,No response,No response,No response,No response,No response
6123560759.0,Neither agree nor disagree/neutral,No response,No response,No response,No response,No response,No response
6123554707.0,Agree,Agree,Agree,Agree,No response,No response,No response
6123542206.0,Strongly agree,No response,No response,No response,No response,No response,No response
6123474217.0,Disagree,Neither agree nor disagree/neutral,Disagree,Neither agree nor disagree/neutral,No response,No response,No response
6123305675.0,Agree,Agree,Agree,Agree,Team Building,No response,No response
6123489134.0,Agree,No response,No response,No response,No response,No response,No response
6123486383.0,Agree,No response,No response,No response,No response,No response,No response
6123473784.0,Strongly agree,Strongly agree,Agree,Strongly agree,"Zumba Challenge, EAP sensitization and the best was the HIV talk.",No response,No response
6123473784.0,Strongly agree,Strongly agree,Agree,Strongly agree,"Zumba Challenge, EAP sensitization and the best was the HIV talk.",No response,No response
6123473784.0,Strongly agree,Strongly agree,Agree,Strongly agree,"Zumba Challenge, EAP sensitization and the best was the HIV talk.",No response,No response
6123473783.0,Strongly agree,No response,No response,No response,No response,No response,No response
6123400393.0,Disagree,Disagree,Strongly agree,Agree,The Checkups were thorough and the results well articulated to me.,i have not seen a single health nugget or flyer or teaser.,Can we have checks done this year to see progress and compare with last year?
6123400393.0,Disagree,Disagree,Strongly agree,Agree,The Checkups were thorough and the results well articulated to me.,i have not seen a single health nugget or flyer or teaser.,Can we have checks done this year to see progress and compare with last year?
6123441851.0,Disagree,Neither agree nor disagree/neutral,Disagree,Disagree,The branches were not involved,i was not there,kindly include branch offices
6123313917.0,Disagree,Neither agree nor disagree/neutral,Strongly agree,Neither agree nor disagree/neutral,The wellness check up done in the office last year in April,Information delivery,better information delivery
6123379143.0,Agree,Agree,Agree,Agree,The organisers going out of their way to go round ensuring all staff were participating in the set programs,"Everything was catered for, nothing to dislike.",More checks for hypertension  awareness and vaccines againsts the various forms of cancer including teenage children for staff.
6123379143.0,Agree,Agree,Agree,Agree,The organisers going out of their way to go round ensuring all staff were participating in the set programs,"Everything was catered for, nothing to dislike.",More checks for hypertension  awareness and vaccines againsts the various forms of cancer including teenage children for staff.
6123379143.0,Agree,Agree,Agree,Agree,The organisers going out of their way to go round ensuring all staff were participating in the set programs,"Everything was catered for, nothing to dislike.",More checks for hypertension  awareness and vaccines againsts the various forms of cancer including teenage children for staff.
6123379143.0,Agree,Agree,Agree,Agree,The organisers going out of their way to go round ensuring all staff were participating in the set programs,"Everything was catered for, nothing to dislike.",More checks for hypertension  awareness and vaccines againsts the various forms of cancer including teenage children for staff.
6123379143.0,Agree,Agree,Agree,Agree,The organisers going out of their way to go round ensuring all staff were participating in the set programs,"Everything was catered for, nothing to dislike.",More checks for hypertension  awareness and vaccines againsts the various forms of cancer including teenage children for staff.
6123379143.0,Agree,Agree,Agree,Agree,The organisers going out of their way to go round ensuring all staff were participating in the set programs,"Everything was catered for, nothing to dislike.",More checks for hypertension  awareness and vaccines againsts the various forms of cancer including teenage children for staff.
6123425593.0,Agree,Agree,Agree,Agree,Medical check-up etc,No response,No response
6123390036.0,Agree,Agree,Agree,Strongly agree,THEY TEAM WAS CO-OPERATIVE,NOTHING,MORE PROGRAMME ACTIVITIES
6123379123.0,Neither agree nor disagree/neutral,Neither agree nor disagree/neutral,Neither agree nor disagree/neutral,Neither agree nor disagree/neutral,NEW STAFF YET TO EXPERIENCE IN 2017,NEW STAFF YET TO EXPERIENCE IN 2017,CONSISTENCY IN THE PROGRAM
6123379124.0,Neither agree nor disagree/neutral,No response,No response,No response,No response,No response,No response
6123305446.0,Agree,Agree,Strongly agree,Agree,ZUMBA DANCE,number of participants in events,add competitions to increase number of participants 
6123373949.0,Disagree,No response,No response,No response,No response,No response,No response
6123366784.0,Agree,No response,No response,No response,No response,No response,No response
6123306187.0,Agree,Agree,Strongly agree,Agree,The Wellness Education Talks.,No response,No response
6123362011.0,Agree,Neither agree nor disagree/neutral,Agree,Agree,No response,No response,No response
6123359325.0,Neither agree nor disagree/neutral,No response,No response,No response,No response,No response,No response
6123352518.0,Strongly disagree,Agree,Strongly disagree,Strongly disagree,No response,No response,No response
6123352521.0,Agree,Agree,Agree,Agree,Planning and Communication,Results received on email were not broken down into laymans language. I had to look for a medic within Aon to transalte for me compromising on confidentiality.,No response
6123352521.0,Agree,Agree,Agree,Agree,Planning and Communication,Results received on email were not broken down into laymans language. I had to look for a medic within Aon to transalte for me compromising on confidentiality.,No response
6123346229.0,Disagree,Disagree,Disagree,Disagree,No response,No response,No response
6123343352.0,Agree,Agree,Strongly agree,Agree,The fact that it covered a wide scope.,The team responsible did everthing possible to achieve success.,This should be done regularly.
6123342112.0,Agree,No response,No response,No response,No response,No response,No response
6123336700.0,Strongly agree,No response,No response,No response,No response,No response,No response
6123328275.0,Agree,Agree,Disagree,Neither agree nor disagree/neutral,The awareness and education provided.,Nothing yet.,I wish all Aon staff members get engaged fully especially at county level.
6123328275.0,Agree,Agree,Disagree,Neither agree nor disagree/neutral,The awareness and education provided.,Nothing yet.,I wish all Aon staff members get engaged fully especially at county level.
6123330007.0,Agree,Strongly agree,Strongly agree,Agree,No response,No response,No response
6123329790.0,Disagree,No response,No response,No response,No response,No response,No response
6123312158.0,Disagree,Disagree,Strongly agree,Agree,The full medical check up.,The choice on the wellness champions.,We need more medical check ups.
6123317527.0,Neither agree nor disagree/neutral,Agree,Agree,Agree,The various tests and advice given to staff,No response,No response
6123309516.0,Agree,Strongly agree,Agree,Agree,various important check-ups done in the year  Condom training,No response,Gym contribution to be reduced so as to be affordable.  
6123309516.0,Agree,Strongly agree,Agree,Agree,various important check-ups done in the year  Condom training,No response,Gym contribution to be reduced so as to be affordable.  
6123316169.0,Agree,Strongly agree,Agree,Agree,Checkups were on point. ,No response,We try and get more training on the lifestyle diseases and diets.
6123316169.0,Agree,Strongly agree,Agree,Agree,Checkups were on point. ,No response,We try and get more training on the lifestyle diseases and diets.
6123321255.0,Strongly agree,No response,No response,No response,No response,No response,No response
6123318993.0,Neither agree nor disagree/neutral,Neither agree nor disagree/neutral,Neither agree nor disagree/neutral,Disagree,The entire body check up,Lack of communication on what is involved especially to the new staff,More of everything and initiative to enlighten new staff
6123318993.0,Neither agree nor disagree/neutral,Neither agree nor disagree/neutral,Neither agree nor disagree/neutral,Disagree,The entire body check up,Lack of communication on what is involved especially to the new staff,More of everything and initiative to enlighten new staff
6123318075.0,Agree,Neither agree nor disagree/neutral,Neither agree nor disagree/neutral,Neither agree nor disagree/neutral,No response,No response,No response
6123316159.0,Agree,Disagree,Agree,Agree,No response,No response,No response
6123314066.0,Agree,Disagree,Agree,Agree,It brought out some issues that I needed to work on and/or incorporate in my daily activities.,I do not know who the wellness champion in my division is - all the information came from the nuggets received on email.,Divisional Wellness Champions to be more engaging to staff.  In my case I do not know who this person is in my division.
6123314066.0,Agree,Disagree,Agree,Agree,It brought out some issues that I needed to work on and/or incorporate in my daily activities.,I do not know who the wellness champion in my division is - all the information came from the nuggets received on email.,Divisional Wellness Champions to be more engaging to staff.  In my case I do not know who this person is in my division.
6123314066.0,Agree,Disagree,Agree,Agree,It brought out some issues that I needed to work on and/or incorporate in my daily activities.,I do not know who the wellness champion in my division is - all the information came from the nuggets received on email.,Divisional Wellness Champions to be more engaging to staff.  In my case I do not know who this person is in my division.
6123314066.0,Agree,Disagree,Agree,Agree,It brought out some issues that I needed to work on and/or incorporate in my daily activities.,I do not know who the wellness champion in my division is - all the information came from the nuggets received on email.,Divisional Wellness Champions to be more engaging to staff.  In my case I do not know who this person is in my division.
6123316286.0,Agree,No response,No response,No response,No response,No response,No response
6123306848.0,Neither agree nor disagree/neutral,Agree,Agree,Neither agree nor disagree/neutral,1.The various wellness talks and especially one given by Dr. Wangai and the breast cancer talk.,"1.The wellness checkups lacked privacy, more so the HIV test.  2.Testing and interpretations of results being done in the same room and the desks being too close( lacked privacy) ",1.Check ups to be done in a ore professional way  2.have a calendar of all upcoming wellness events in advance  3.Wellness challenges should not only focus to the Gym goers but to the whole company
6123306848.0,Neither agree nor disagree/neutral,Agree,Agree,Neither agree nor disagree/neutral,1.The various wellness talks and especially one given by Dr. Wangai and the breast cancer talk.,"1.The wellness checkups lacked privacy, more so the HIV test.  2.Testing and interpretations of results being done in the same room and the desks being too close( lacked privacy) ",1.Check ups to be done in a ore professional way  2.have a calendar of all upcoming wellness events in advance  3.Wellness challenges should not only focus to the Gym goers but to the whole company
6123306848.0,Neither agree nor disagree/neutral,Agree,Agree,Neither agree nor disagree/neutral,1.The various wellness talks and especially one given by Dr. Wangai and the breast cancer talk.,"1.The wellness checkups lacked privacy, more so the HIV test.  2.Testing and interpretations of results being done in the same room and the desks being too close( lacked privacy) ",1.Check ups to be done in a ore professional way  2.have a calendar of all upcoming wellness events in advance  3.Wellness challenges should not only focus to the Gym goers but to the whole company
6123306848.0,Neither agree nor disagree/neutral,Agree,Agree,Neither agree nor disagree/neutral,1.The various wellness talks and especially one given by Dr. Wangai and the breast cancer talk.,"1.The wellness checkups lacked privacy, more so the HIV test.  2.Testing and interpretations of results being done in the same room and the desks being too close( lacked privacy) ",1.Check ups to be done in a ore professional way  2.have a calendar of all upcoming wellness events in advance  3.Wellness challenges should not only focus to the Gym goers but to the whole company
6123306848.0,Neither agree nor disagree/neutral,Agree,Agree,Neither agree nor disagree/neutral,1.The various wellness talks and especially one given by Dr. Wangai and the breast cancer talk.,"1.The wellness checkups lacked privacy, more so the HIV test.  2.Testing and interpretations of results being done in the same room and the desks being too close( lacked privacy) ",1.Check ups to be done in a ore professional way  2.have a calendar of all upcoming wellness events in advance  3.Wellness challenges should not only focus to the Gym goers but to the whole company
6123313653.0,Strongly agree,Strongly agree,Strongly agree,Strongly agree,all  areas met my expectation, No least liked,Increase dental Ksh allocation.
6123308676.0,Agree,Agree,Agree,Strongly agree,I wasn't there,I am a new staff,No response
6123314120.0,Strongly disagree,No response,No response,No response,No response,No response,No response
6123309700.0,Agree,Agree,Agree,Agree,Assistant accorded ,No response,-more activities   -staff engagement 
6123309700.0,Agree,Agree,Agree,Agree,Assistant accorded ,No response,-more activities   -staff engagement 
6123313192.0,Agree,No response,No response,No response,No response,No response,No response
6123311969.0,Strongly agree,Strongly agree,Agree,Strongly agree,The launch,The absence of Flu vaccination.,Add flu vaccination
6123311969.0,Strongly agree,Strongly agree,Agree,Strongly agree,The launch,The absence of Flu vaccination.,Add flu vaccination
6123311969.0,Strongly agree,Strongly agree,Agree,Strongly agree,The launch,The absence of Flu vaccination.,Add flu vaccination
6123311969.0,Strongly agree,Strongly agree,Agree,Strongly agree,The launch,The absence of Flu vaccination.,Add flu vaccination
6123307621.0,Agree,Agree,Disagree,Agree,The check ups that were held during the year.,No medical Talks,More talks on contemporary health matters
6123305645.0,Neither agree nor disagree/neutral,Agree,Agree,Agree,The checkups,The professionalism around the VCT test. ,No response
6123305645.0,Neither agree nor disagree/neutral,Agree,Agree,Agree,The checkups,The professionalism around the VCT test. ,No response
6123305645.0,Neither agree nor disagree/neutral,Agree,Agree,Agree,The checkups,The professionalism around the VCT test. ,No response
6123305645.0,Neither agree nor disagree/neutral,Agree,Agree,Agree,The checkups,The professionalism around the VCT test. ,No response
6123308921.0,Agree,Agree,Agree,Disagree,Wellness tests were undertaken and talks held on relevant subject matters. ,For the follow up visit to discuss my progress I was referred to a clinic in Ngara which I did not pursue.,Follow up on any medical improvements should be done from Aon.
6123308921.0,Agree,Agree,Agree,Disagree,Wellness tests were undertaken and talks held on relevant subject matters. ,For the follow up visit to discuss my progress I was referred to a clinic in Ngara which I did not pursue.,Follow up on any medical improvements should be done from Aon.
6123308921.0,Agree,Agree,Agree,Disagree,Wellness tests were undertaken and talks held on relevant subject matters. ,For the follow up visit to discuss my progress I was referred to a clinic in Ngara which I did not pursue.,Follow up on any medical improvements should be done from Aon.
6123308921.0,Agree,Agree,Agree,Disagree,Wellness tests were undertaken and talks held on relevant subject matters. ,For the follow up visit to discuss my progress I was referred to a clinic in Ngara which I did not pursue.,Follow up on any medical improvements should be done from Aon.
6123308921.0,Agree,Agree,Agree,Disagree,Wellness tests were undertaken and talks held on relevant subject matters. ,For the follow up visit to discuss my progress I was referred to a clinic in Ngara which I did not pursue.,Follow up on any medical improvements should be done from Aon.
6123308921.0,Agree,Agree,Agree,Disagree,Wellness tests were undertaken and talks held on relevant subject matters. ,For the follow up visit to discuss my progress I was referred to a clinic in Ngara which I did not pursue.,Follow up on any medical improvements should be done from Aon.
6123311435.0,Neither agree nor disagree/neutral,No response,No response,No response,No response,No response,No response
6123311244.0,Strongly agree,No response,No response,No response,No response,No response,No response
6123308136.0,Neither agree nor disagree/neutral,Neither agree nor disagree/neutral,Neither agree nor disagree/neutral,Neither agree nor disagree/neutral,I WASN'T EMPLOYED THEN BY AON,No response,I DONT  KNOW A LOT ABOUT WELLNESS BECAUSE I HAVE NO IDEA WHAT IT IS.
6123308533.0,Agree,Strongly agree,Agree,Agree,The convenience of the checksups and programs ,No response,Have more challneges on a monthly basis
6123308145.0,Disagree,Agree,Disagree,Neither agree nor disagree/neutral,I was able to know my BMI and the kilos I am to shed,frequency. it should be done more often,more education  more information
6123308407.0,Agree,Neither agree nor disagree/neutral,Disagree,Agree,No response,No response,More engagement expected this year.
6123306073.0,Disagree,Neither agree nor disagree/neutral,Agree,Disagree,The launch and the initial momentum ,Lack of continouos follow-up.  The champions were only active the first couple of days ,Wellness should consistently be emphasized until everyone gets to own it.  Simple practical steps and tips at least once a week would go far in incalcating positive wellness attitude.
6123307236.0,Agree,Agree,Agree,Agree,The talk on World AIDS day and also Cancer talk.,No response,No response
6123306862.0,Disagree,Agree,Agree,Agree,Tsc wellness program,Logistical supplies were limited.,Na
6123306136.0,Strongly agree,Agree,Agree,Agree,COMMUNICATION WAS WELL ENHANCED AND THE METHOD OF DEMONSTRATION WERE EFFECTIVE,No response,IMPROVE ON TIME MANAGEMENT
6123306136.0,Strongly agree,Agree,Agree,Agree,COMMUNICATION WAS WELL ENHANCED AND THE METHOD OF DEMONSTRATION WERE EFFECTIVE,No response,IMPROVE ON TIME MANAGEMENT
6123305783.0,Neither agree nor disagree/neutral,Neither agree nor disagree/neutral,Neither agree nor disagree/neutral,Neither agree nor disagree/neutral,The program needs to be devolved to the counties.  ,No response,Consider employees working at the counties 
6123307588.0,Strongly disagree,No response,No response,No response,No response,No response,No response
6123305945.0,Agree,Agree,Agree,Agree,the health checkups.,expected incentives were not met,more engaging outdoor activities to be implemented
6123305945.0,Agree,Agree,Agree,Agree,the health checkups.,expected incentives were not met,more engaging outdoor activities to be implemented
6123307155.0,Disagree,Disagree,Disagree,No response,No response,No response,No response
6123305701.0,Strongly agree,Agree,Strongly agree,Strongly agree,Communication well made.,Not available,Not available
6123306323.0,Disagree,Strongly disagree,Disagree,Strongly disagree,none,none,"we need new team,last year were jokers"
6123306111.0,Agree,Agree,Agree,Agree,All,All was okay,No idea
6123305753.0,Agree,Agree,Agree,Agree,Participation of all staff to include seniors ,We can improve on communication to staff ,Send calendar of activities to all and intermittent reminders 
6123305753.0,Agree,Agree,Agree,Agree,Participation of all staff to include seniors ,We can improve on communication to staff ,Send calendar of activities to all and intermittent reminders 
6123306458.0,Agree,No response,No response,No response,No response,No response,No response
6123306449.0,Strongly agree,Agree,Strongly agree,Strongly agree,No response,No response,No response
6123306644.0,Strongly agree,No response,No response,No response,No response,No response,No response
6123306510.0,Neither agree nor disagree/neutral,No response,No response,No response,No response,No response,No response
6123306175.0,Strongly disagree,No response,No response,No response,No response,No response,No response
6123306158.0,Agree,No response,No response,No response,No response,No response,No response
6123305650.0,Neither agree nor disagree/neutral,Disagree,Neither agree nor disagree/neutral,Neither agree nor disagree/neutral,was not around at the time,No response,No response
6123305961.0,Agree,No response,No response,No response,No response,No response,No response
6123305896.0,Strongly disagree,No response,No response,No response,No response,No response,No response
6123305453.0,Strongly disagree,No response,No response,No response,No response,No response,No response
