respondent_id,date_of_birth,gender,county,dependents_category,all_direct_covered,willingness_to_pay,amount_selected,age,age_band
12040041022.0,1983-10-04,Female,Laikipia,More than 4,No,Neutral,,42,36–45 years
12038048552.0,1980-02-11,Male,Laikipia,More than 4,No,Unwilling,,46,46–55 years
12037854235.0,1990-10-26,Female,Kitui,2-4,No,Unwilling,,35,25–35 years
12037403756.0,1974-03-23,Male,Bungoma,More than 4,No,Unwilling,,52,46–55 years
12037409112.0,1978-04-25,Male,Bungoma,More than 4,No,Unwilling,,48,46–55 years
12037331668.0,1991-06-23,Male,Laikipia,No dependents,No,Very willing,"Kes 10,000 – Kes 20,000",35,25–35 years
12037144861.0,1976-11-29,Male,Laikipia,1-2,No,Willing,"Kes 10,000 – Kes 20,000",49,46–55 years
12037018606.0,1987-12-11,Female,Laikipia,1-2,No,Neutral,,38,36–45 years
12036763063.0,1988-12-11,Male,Laikipia,2-4,Yes,,,37,36–45 years
12036534540.0,1990-04-22,Female,Bungoma,More than 4,Yes,,,36,36–45 years
12034736490.0,1987-07-01,Male,Nakuru,2-4,No,Neutral,,39,36–45 years
12034687941.0,1991-01-11,Female,Bungoma,1-2,Yes,,,35,25–35 years
12034517484.0,1970-01-17,Male,Samburu,More than 4,No,Very willing,"Kes 10,000 – Kes 20,000",56,56–65 years
12034453125.0,1982-04-11,Male,Elgeyo-Marakwet,2-4,Yes,,,44,36–45 years
12034241625.0,1994-07-31,Female,Kakamega,1-2,No,Neutral,,32,25–35 years
12034122747.0,1981-03-24,Male,Bomet,More than 4,Yes,,,45,36–45 years
12034052850.0,1983-09-26,Male,Kericho,1-2,No,Very unwilling,,42,36–45 years
12034051906.0,1987-01-04,Male,Kericho,2-4,Yes,,,39,36–45 years
12034042998.0,2020-09-30,Male,Kericho,2-4,Yes,,Less than 10000,5,Less than 25 years
12034042271.0,1972-05-15,Male,Kericho,More than 4,No,Unwilling,,54,46–55 years
12034041089.0,1976-02-20,Male,Trans-Nzoia,More than 4,No,Very unwilling,,50,46–55 years
12034027676.0,1966-01-27,Female,Laikipia,No dependents,No,Very willing,"Kes 40,000 – Kes 50,000",60,56–65 years
12033999629.0,1970-10-30,Female,Kericho,More than 4,No,Unwilling,,55,46–55 years
12033991786.0,1960-08-12,Female,Nakuru,More than 4,No,Unwilling,,65,56–65 years
12033970949.0,1980-07-28,Male,Nakuru,More than 4,No,Willing,Less than 10000,46,46–55 years
12033958439.0,1967-12-28,Male,Laikipia,More than 4,No,Willing,"Kes 10,000 – Kes 20,000",58,56–65 years
12033944941.0,1988-04-22,Female,Nakuru,More than 4,No,Unwilling,,38,36–45 years
12033918767.0,1986-01-01,Male,Marsabit,No dependents,Yes,,"Kes 10,000 – Kes 20,000",40,36–45 years
12033911328.0,1963-08-20,Female,Kericho,2-4,Yes,,,62,56–65 years
12033879852.0,1973-11-12,Female,Nakuru,2-4,No,Unwilling,,52,46–55 years
12033845554.0,2020-09-30,Male,Nakuru,2-4,Yes,,,5,Less than 25 years
12033838680.0,1962-05-01,Male,Trans-Nzoia,No dependents,No,Unwilling,,64,56–65 years
12033800477.0,1976-04-11,Female,Uasin Gishu,More than 4,No,Willing,"Kes 10,000 – Kes 20,000",50,46–55 years
12033800477.0,1976-04-11,Female,Uasin Gishu,More than 4,No,Willing,"More than Kes 60,000",50,46–55 years
12033815512.0,1993-02-22,Male,Kericho,More than 4,Yes,,,33,25–35 years
12033813386.0,1973-09-24,Male,Garissa,More than 4,No,Willing,"Kes 10,000 – Kes 20,000",52,46–55 years
12033806236.0,2020-08-02,Male,Kericho,2-4,Yes,,,6,Less than 25 years
12033781492.0,1989-10-15,Male,Kericho,More than 4,No,Unwilling,,36,36–45 years
12033777820.0,1973-04-07,Male,Nakuru,More than 4,Yes,,"Kes 10,000 – Kes 20,000",53,46–55 years
12033776783.0,1967-01-13,Male,Siaya,More than 4,No,Neutral,"Kes 10,000 – Kes 20,000",59,56–65 years
12033768575.0,1977-12-12,Male,Nakuru,2-4,No,Unwilling,,48,46–55 years
12033680800.0,1984-09-01,Female,Kiambu,2-4,Yes,,,41,36–45 years
12033673080.0,1980-03-27,Male,Nakuru,More than 4,No,Unwilling,,46,46–55 years
12033673058.0,1974-01-01,Male,Laikipia,More than 4,No,Neutral,,52,46–55 years
12033671130.0,1981-02-14,Male,Nakuru,More than 4,No,Unwilling,,45,36–45 years
12033669330.0,1970-10-01,Male,Nakuru,More than 4,No,Willing,"Kes 10,000 – Kes 20,000",55,46–55 years
12033614407.0,1981-08-15,Male,Nakuru,2-4,Yes,,,44,36–45 years
12033605237.0,1990-06-24,Male,Baringo,1-2,Yes,,,36,36–45 years
12033601479.0,1967-07-04,Male,Kisumu,More than 4,Yes,,,59,56–65 years
12033581381.0,1989-11-19,Female,Baringo,1-2,Yes,,,36,36–45 years
12033578258.0,1968-05-28,Female,Baringo,More than 4,Yes,,,58,56–65 years
12033563396.0,1963-06-11,Female,Bomet,More than 4,Yes,,,63,56–65 years
12033560976.0,1984-11-07,Female,Bomet,More than 4,No,Neutral,,41,36–45 years
12033544083.0,1966-01-06,Female,Makueni,1-2,No,Neutral,,60,56–65 years
12033473065.0,1989-10-07,Female,Makueni,More than 4,Yes,,,36,36–45 years
12033414839.0,1973-01-20,Female,Bungoma,2-4,Yes,,,53,46–55 years
12033405434.0,1976-09-12,Male,Kajiado,2-4,Yes,,,49,46–55 years
12033374021.0,2020-09-30,Male,Nyandarua,1-2,Yes,,,5,Less than 25 years
12033232144.0,1992-01-30,Female,Kakamega,2-4,No,Unwilling,,34,25–35 years
12033174961.0,1965-12-11,Female,Bungoma,More than 4,No,Very willing,"Kes 10,000 – Kes 20,000",60,56–65 years
12033171817.0,1980-02-09,Male,Elgeyo-Marakwet,More than 4,Yes,,,46,46–55 years
12033152699.0,1991-03-18,Female,Baringo,2-4,Yes,,,35,25–35 years
12033032174.0,1985-09-25,Male,Elgeyo-Marakwet,2-4,Yes,,,40,36–45 years
12032790411.0,2020-09-01,Female,Kiambu,1-2,Yes,,,5,Less than 25 years
12032644203.0,1970-06-12,Female,Taita–Taveta,More than 4,No,Willing,"Kes 20,000 – Kes 30,000",56,56–65 years
12031595432.0,1987-06-26,Male,Kakamega,2-4,Yes,,,39,36–45 years
12031420379.0,1971-11-07,Female,Kiambu,More than 4,No,Very unwilling,,54,46–55 years
12031263596.0,1980-08-12,Female,Makueni,2-4,Yes,,,45,36–45 years
12031216650.0,1974-11-13,Male,Homa Bay,2-4,Yes,,,51,46–55 years
12030942990.0,1985-03-15,Female,Kakamega,2-4,Yes,,,41,36–45 years
12030838095.0,1990-05-18,Male,Kakamega,2-4,Yes,,,36,36–45 years
12030795983.0,1981-11-17,Male,Mombasa,1-2,Yes,,,44,36–45 years
12030767677.0,1990-07-16,Female,Kakamega,2-4,Yes,,,36,36–45 years
12030760371.0,1960-05-25,Female,Nairobi,1-2,No,Very willing,"Kes 10,000 – Kes 20,000",66,
12030731256.0,1968-10-12,Male,Murang'a,1-2,No,Very unwilling,,57,56–65 years
12030699604.0,1984-06-29,Male,Kakamega,More than 4,No,Unwilling,,42,36–45 years
12030664072.0,1977-11-18,Male,Kilifi,More than 4,No,Unwilling,,48,46–55 years
12030551899.0,1989-10-30,Female,Makueni,2-4,No,Unwilling,,36,36–45 years
12030518672.0,1968-05-23,Male,Taita–Taveta,More than 4,Yes,,,58,56–65 years
12030493552.0,1976-04-29,Female,Kajiado,More than 4,Yes,,"Kes 10,000 – Kes 20,000",50,46–55 years
12030381029.0,1995-07-10,Female,Kiambu,1-2,Yes,,,31,25–35 years
12030371767.0,1976-06-22,Male,Kisumu,More than 4,No,Neutral,,50,46–55 years
12030272500.0,1986-07-23,Male,Siaya,1-2,Yes,,"Kes 20,000 – Kes 30,000",40,36–45 years
12030271937.0,1961-01-01,Female,Siaya,2-4,No,Very willing,"Kes 10,000 – Kes 20,000",65,56–65 years
12030233890.0,1969-07-02,Male,Taita–Taveta,More than 4,Yes,,,57,56–65 years
12030206110.0,2020-09-23,Male,Meru,2-4,Yes,,,5,Less than 25 years
12030194066.0,1978-01-13,Male,Kitui,2-4,Yes,,,48,46–55 years
12030186984.0,1982-05-02,Female,Nyandarua,1-2,Yes,,,44,36–45 years
12030184501.0,2020-09-01,Female,Makueni,More than 4,No,Very unwilling,,5,Less than 25 years
12030176091.0,1990-10-23,Female,Kisii,More than 4,No,Neutral,,35,25–35 years
12030155709.0,1988-11-04,Male,Kisumu,2-4,Yes,,,37,36–45 years
12030144749.0,1977-05-04,Male,Nyandarua,2-4,Yes,,,49,46–55 years
12030138606.0,1975-03-01,Male,Mandera,More than 4,No,Unwilling,,51,46–55 years
12030135753.0,1981-05-14,Female,Siaya,More than 4,Yes,,,45,36–45 years
12030110024.0,1985-03-07,Male,Meru,More than 4,No,Unwilling,,41,36–45 years
12030091799.0,1970-06-25,Male,Migori,More than 4,No,Unwilling,,56,56–65 years
12030063009.0,1968-01-02,Female,Murang'a,2-4,Yes,,,58,56–65 years
12030056391.0,1984-12-30,Female,Nyandarua,2-4,No,Unwilling,,41,36–45 years
12030045242.0,1975-12-12,Male,Migori,More than 4,No,Willing,Less than 10000,50,46–55 years
12030044173.0,1965-02-06,Male,Nyandarua,More than 4,Yes,,,61,56–65 years
12030038744.0,1979-02-19,Male,Migori,More than 4,No,Very willing,Less than 10000,47,46–55 years
12030037521.0,1989-08-08,Male,Kakamega,More than 4,Yes,,,37,36–45 years
12030034424.0,1982-10-17,Male,Kiambu,2-4,No,Very willing,"Kes 10,000 – Kes 20,000",43,36–45 years
12030032268.0,1984-11-19,Male,Siaya,More than 4,Yes,,,41,36–45 years
12030024004.0,1982-02-12,Female,Nyandarua,2-4,Yes,,,44,36–45 years
12030023433.0,1973-12-31,Male,Homa Bay,More than 4,No,Unwilling,,52,46–55 years
12030020475.0,1974-11-15,Female,Murang'a,2-4,Yes,,,51,46–55 years
12030016431.0,1982-02-12,Female,Nyandarua,2-4,Yes,,,44,36–45 years
12030011119.0,2020-09-29,Female,Nyandarua,2-4,Yes,,,5,Less than 25 years
12030007672.0,1993-08-10,Male,Nyamira,More than 4,No,Very willing,"Kes 10,000 – Kes 20,000",33,25–35 years
12029990577.0,2020-09-29,Male,Nyamira,More than 4,No,Very willing,"Kes 10,000 – Kes 20,000",5,Less than 25 years
12029989390.0,1966-11-19,Male,Nyeri,2-4,No,Neutral,,59,56–65 years
12029988437.0,1981-09-01,Male,Nyamira,More than 4,No,Very unwilling,,44,36–45 years
12029985249.0,2020-09-29,Male,Kisii,More than 4,No,Willing,"Kes 10,000 – Kes 20,000",5,Less than 25 years
12029985161.0,1987-02-11,Male,Kitui,More than 4,No,Unwilling,,39,36–45 years
12029983884.0,1980-10-01,Female,Kisii,More than 4,No,Very unwilling,,45,36–45 years
12029981010.0,1985-07-23,Female,Nyamira,More than 4,No,Unwilling,,41,36–45 years
12029974626.0,1976-09-26,Female,Homa Bay,2-4,Yes,,,49,46–55 years
12029972195.0,1977-08-24,Male,Kisii,2-4,Yes,,,48,46–55 years
12029970404.0,1965-09-29,Female,Vihiga,1-2,No,Very willing,"Kes 10,000 – Kes 20,000",60,56–65 years
12029955332.0,1973-02-16,Female,Taita–Taveta,2-4,Yes,,"Kes 10,000 – Kes 20,000",53,46–55 years
12029956985.0,1978-12-24,Female,Nairobi,2-4,Yes,,,47,46–55 years
12029953110.0,1983-11-01,Male,Marsabit,No dependents,Yes,,,42,36–45 years
12029948906.0,1978-12-24,Female,Nairobi,2-4,Yes,,,47,46–55 years
12029944693.0,1982-03-29,Male,Migori,2-4,Yes,,,44,36–45 years
12029936251.0,1983-10-20,Male,Migori,2-4,No,Very unwilling,,42,36–45 years
12029927519.0,1966-03-01,Male,Machakos,More than 4,Yes,,,60,56–65 years
12029920493.0,1966-07-01,Male,Machakos,More than 4,No,Unwilling,,60,56–65 years
12029917125.0,1978-12-31,Male,Siaya,More than 4,No,Very unwilling,,47,46–55 years
12029913690.0,1973-08-16,Male,Siaya,More than 4,No,Very willing,"Kes 10,000 – Kes 20,000",52,46–55 years
12029911753.0,1985-05-30,Female,Kisumu,2-4,Yes,,,41,36–45 years
12029907716.0,1983-10-06,Female,Kitui,2-4,Yes,,,42,36–45 years
12029903498.0,1984-12-29,Male,Kisii,2-4,No,Very willing,"Kes 10,000 – Kes 20,000",41,36–45 years
12029901400.0,1976-06-07,Female,Machakos,More than 4,Yes,,,50,46–55 years
12029894573.0,1987-05-01,Female,Machakos,More than 4,Yes,,,39,36–45 years
12029873574.0,1995-07-10,Female,Kiambu,1-2,Yes,,,31,25–35 years
12029866484.0,1989-03-07,Female,Nyeri,More than 4,No,Unwilling,,37,36–45 years
12029862241.0,1968-04-21,Male,Homa Bay,More than 4,No,Very willing,"Kes 30,000 – Kes 40,000",58,56–65 years
12029861215.0,1980-11-08,Male,Nyeri,More than 4,No,Willing,Less than 10000,45,36–45 years
12029855849.0,1968-04-22,Male,Taita–Taveta,More than 4,No,Willing,"Kes 20,000 – Kes 30,000",58,56–65 years
12029853339.0,2020-09-29,Male,Taita–Taveta,More than 4,Yes,,,5,Less than 25 years
12029842384.0,1970-09-05,Female,Taita–Taveta,2-4,Yes,,,55,46–55 years
12029839773.0,1970-06-16,Male,Taita–Taveta,1-2,Yes,,,56,56–65 years
12029827292.0,1977-06-12,Male,Kitui,1-2,Yes,,,49,46–55 years
12029797585.0,1992-03-10,Male,Lamu,More than 4,No,Willing,"Kes 10,000 – Kes 20,000",34,25–35 years
12029794716.0,1983-05-02,Female,Lamu,2-4,Yes,,,43,36–45 years
12029786694.0,1990-06-11,Female,Lamu,More than 4,No,Willing,"Kes 20,000 – Kes 30,000",36,36–45 years
12029767011.0,1971-09-08,Female,Nyeri,More than 4,No,Unwilling,,54,46–55 years
12029751575.0,1968-08-27,Female,Nyeri,More than 4,No,Very willing,"Kes 10,000 – Kes 20,000",57,56–65 years
12029732469.0,1975-12-14,Female,Taita–Taveta,More than 4,No,Unwilling,,50,46–55 years
12029705639.0,1971-02-04,Male,Nyeri,2-4,Yes,,Less than 10000,55,46–55 years
12029677952.0,1978-09-23,Female,Tharaka-Nithi,1-2,Yes,,,47,46–55 years
12029656220.0,1967-12-07,Female,Kilifi,1-2,No,Willing,"Kes 10,000 – Kes 20,000",58,56–65 years
12029653843.0,1972-05-02,Male,Makueni,More than 4,No,Willing,"Kes 20,000 – Kes 30,000",54,46–55 years
12029607171.0,1978-09-03,Male,Lamu,More than 4,Yes,,"Kes 40,000 – Kes 50,000",47,46–55 years
12029570612.0,1972-12-07,Male,Wajir,More than 4,No,Willing,"Kes 10,000 – Kes 20,000",53,46–55 years
12029563043.0,1969-06-29,Male,Tharaka-Nithi,2-4,Yes,,,57,56–65 years
12029558366.0,1991-02-09,Female,Wajir,1-2,Yes,,,35,25–35 years
12029558328.0,1992-01-02,Male,Lamu,More than 4,No,Very unwilling,,34,25–35 years
12029554944.0,1991-09-01,Male,Wajir,No dependents,No,,,34,25–35 years
12029548413.0,1979-04-05,Female,Wajir,More than 4,No,Unwilling,,47,46–55 years
12029540128.0,1988-05-17,Male,Wajir,2-4,Yes,,,38,36–45 years
12029535080.0,1966-10-10,Male,Taita–Taveta,2-4,Yes,,,59,56–65 years
12029527182.0,1983-09-11,Male,Taita–Taveta,2-4,No,Unwilling,,42,36–45 years
12029527139.0,1969-11-05,Female,Narok,2-4,Yes,,,56,56–65 years
12029510077.0,1989-12-30,Male,Kiambu,More than 4,Yes,,,36,36–45 years
12029502036.0,1964-07-19,Female,Taita–Taveta,More than 4,No,Neutral,,62,56–65 years
12029496389.0,1974-10-12,Male,Makueni,More than 4,No,Neutral,,51,46–55 years
12029489448.0,1970-09-18,Male,Taita–Taveta,1-2,No,Unwilling,Less than 10000,55,46–55 years
12029492101.0,1978-12-03,Male,Taita–Taveta,2-4,Yes,,,47,46–55 years
12029490759.0,2020-09-29,Female,Makueni,1-2,No,Unwilling,,5,Less than 25 years
12029490134.0,1994-03-24,Female,Makueni,1-2,No,Unwilling,,32,25–35 years
12029486491.0,1972-03-13,Female,Taita–Taveta,2-4,No,Neutral,,54,46–55 years
12029488604.0,2020-09-29,Male,Busia,More than 4,Yes,,,5,Less than 25 years
12029483574.0,1970-02-08,Female,Kilifi,More than 4,Yes,,Less than 10000,56,56–65 years
12029476358.0,1965-05-07,Male,Nyandarua,2-4,No,Willing,"Kes 10,000 – Kes 20,000",61,56–65 years
12029473592.0,1970-03-10,Male,Taita–Taveta,2-4,No,Willing,"More than Kes 60,000",56,56–65 years
12029473062.0,1966-12-12,Male,Nyandarua,2-4,No,Neutral,,59,56–65 years
12029470773.0,2020-01-02,Male,Taita–Taveta,More than 4,Yes,,,6,Less than 25 years
12029467429.0,1963-08-19,Female,Taita–Taveta,2-4,No,Very willing,"Kes 40,000 – Kes 50,000",62,56–65 years
12029465189.0,1971-07-24,Female,Taita–Taveta,1-2,No,Willing,"Kes 10,000 – Kes 20,000",55,46–55 years
12029462549.0,1971-01-15,Male,Taita–Taveta,More than 4,No,Very willing,"Kes 10,000 – Kes 20,000",55,46–55 years
12029459360.0,1968-09-04,Male,Taita–Taveta,1-2,No,Unwilling,,57,56–65 years
12029458198.0,1965-03-16,Male,Kilifi,More than 4,Yes,,Less than 10000,61,56–65 years
12029453626.0,1990-07-31,Female,Taita–Taveta,1-2,Yes,,,36,36–45 years
12029440022.0,1983-07-09,Female,Tana River,More than 4,No,Unwilling,,43,36–45 years
12029436485.0,1971-05-14,Female,Machakos,1-2,No,Very willing,"Kes 40,000 – Kes 50,000",55,46–55 years
12029436485.0,1971-05-14,Female,Machakos,1-2,No,Very willing,Less than 10000,55,46–55 years
12029431812.0,1992-01-30,Female,Kakamega,1-2,Yes,,,34,25–35 years
12029418545.0,1983-12-29,Male,Kiambu,2-4,No,Willing,"Kes 10,000 – Kes 20,000",42,36–45 years
12029416162.0,1965-08-18,Male,Kwale,More than 4,No,Neutral,,60,56–65 years
12029415486.0,1968-10-15,Female,Kitui,No dependents,Yes,,,57,56–65 years
12029414716.0,1984-07-01,Female,Makueni,1-2,Yes,,,42,36–45 years
12029414502.0,1972-07-01,Male,Tana River,2-4,No,Unwilling,,54,46–55 years
12029410919.0,1995-08-10,Female,Tana River,1-2,Yes,,"Kes 10,000 – Kes 20,000",31,25–35 years
12029407047.0,1964-11-27,Female,Tana River,2-4,Yes,,,61,56–65 years
12029403070.0,1986-12-12,Male,Tana River,2-4,Yes,,,39,36–45 years
12029389901.0,1984-12-27,Male,Nairobi,2-4,Yes,,,41,36–45 years
12029388594.0,1987-02-27,Male,Siaya,More than 4,Yes,,,39,36–45 years
12029379755.0,1975-11-25,Female,Meru,2-4,Yes,,,50,46–55 years
12029378701.0,1983-09-19,Female,Nyeri,1-2,Yes,,,42,36–45 years
12029378502.0,1978-04-01,Male,Tana River,2-4,Yes,,,48,46–55 years
12029378336.0,1971-05-15,Female,Mombasa,2-4,No,Very unwilling,,55,46–55 years
12029376337.0,2020-09-20,Female,Machakos,1-2,No,Willing,,5,Less than 25 years
12029370778.0,1965-07-02,Female,Mombasa,2-4,No,Very unwilling,,61,56–65 years
12029369652.0,1990-06-25,Female,Meru,More than 4,No,Neutral,Less than 10000,36,36–45 years
12029368558.0,1983-10-01,Female,Mombasa,2-4,Yes,,,42,36–45 years
12029367823.0,1987-04-29,Female,Kiambu,More than 4,No,Very willing,"Kes 10,000 – Kes 20,000",39,36–45 years
12029366941.0,1988-08-02,Male,Embu,2-4,No,Willing,Less than 10000,38,36–45 years
12029364786.0,1975-09-24,Female,Makueni,More than 4,No,Very unwilling,Less than 10000,50,46–55 years
12029364088.0,2020-09-10,Male,Tharaka-Nithi,More than 4,No,Unwilling,,5,Less than 25 years
12029359445.0,1980-05-01,Male,Kiambu,2-4,No,Neutral,,46,46–55 years
12029340594.0,1969-06-19,Female,Makueni,2-4,No,Neutral,,57,56–65 years
12029296767.0,1964-07-17,Male,Kilifi,1-2,Yes,,,62,56–65 years
12029278461.0,1970-10-02,Female,Kwale,More than 4,Yes,,,55,46–55 years
12029224700.0,2020-09-29,Male,Kwale,1-2,No,Unwilling,,5,Less than 25 years
12029197462.0,1988-04-14,Male,Isiolo,2-4,Yes,,,38,36–45 years
12029042139.0,1979-06-20,Female,Nyeri,More than 4,No,Neutral,,47,46–55 years
12029027182.0,1977-08-23,Male,Murang'a,2-4,No,Willing,"Kes 10,000 – Kes 20,000",48,46–55 years
12029020755.0,1970-09-17,Female,Nyeri,More than 4,No,Very willing,"Kes 10,000 – Kes 20,000",55,46–55 years
12028777818.0,1987-03-06,Male,Murang'a,2-4,Yes,,,39,36–45 years
12028766397.0,1976-11-16,Female,Kajiado,More than 4,Yes,,,49,46–55 years
12027756396.0,1981-08-05,Female,Kajiado,More than 4,No,Unwilling,,45,36–45 years
12027542286.0,2020-09-28,Female,Kirinyaga,More than 4,No,Very unwilling,,5,Less than 25 years
12027425573.0,1962-09-29,Male,Nyeri,1-2,No,Unwilling,,63,56–65 years
12027423891.0,1972-04-06,Male,Nyeri,More than 4,Yes,,,54,46–55 years
12027415492.0,1962-09-29,Male,Nyeri,1-2,No,Unwilling,,63,56–65 years
12027386503.0,1991-11-17,Male,Nyeri,1-2,Yes,,,34,25–35 years
12027364389.0,1987-10-01,Female,Isiolo,2-4,Yes,,,38,36–45 years
12027153675.0,1977-07-17,Male,Murang'a,2-4,Yes,,,49,46–55 years
12027052813.0,1991-01-12,Male,Kajiado,More than 4,No,Neutral,,35,25–35 years
12026990576.0,,Male,Isiolo,More than 4,No,Willing,"Kes 10,000 – Kes 20,000",,
12026891191.0,1989-01-05,Female,Isiolo,More than 4,No,Willing,"Kes 10,000 – Kes 20,000",37,36–45 years
12026882075.0,1965-10-04,Male,Kirinyaga,2-4,Yes,,,60,56–65 years
12026610739.0,1986-09-08,Male,Kirinyaga,2-4,Yes,,,39,36–45 years
12026609941.0,1972-02-05,Male,Kirinyaga,More than 4,Yes,,,54,46–55 years
12026580507.0,1977-12-31,Female,Kirinyaga,2-4,Yes,,,48,46–55 years
12026572744.0,1976-09-21,Male,Kirinyaga,2-4,Yes,,,49,46–55 years
