Respondent ID,"By completing this survey, you are consenting to us storing and using your data to help us improve our services to you.",Please select your gender ,Kindly select your age group,Please select your respective functional unit from the dropdown below.,"Rank the below wellness activities in order of your preference and participation in the year 2024 (1 being the lowest, while 10 being the highest score)",Wellness activities preference and participation - ZUMBA,Wellness activities preference and participation - SWIMMING,Wellness activities preference and participation - HIKING,Wellness activities preference and participation - CYCLING,Wellness activities preference and participation - RUNNING,Wellness activities preference and participation - FOOTBALL,Wellness activities preference and participation - MEN’ S CAVE,Wellness activities preference and participation - LADIES CLUB,Wellness activities preference and participation - BOOK CLUB,Wellness activities preference and participation - DIET/NUTRITION PROGRAMS,Wellness activities preference and participation - STAIRCASE/STEP CHALLENGE,Wellness activities preference and participation - MEDITATION/YOGA/MUSIC,Wellness activities preference and participation - QUIZ DAYS,Wellness activities preference and participation - Other (please specify),Which of the above would you like to join as a champion or a committee member?,Wellness champion/committee interested joining - ZUMBA,Wellness champion/committee interested joining - SWIMMING,Wellness champion/committee interested joining - HIKING,Wellness champion/committee interested joining - CYCLING,Wellness champion/committee interested joining - RUNNING,Wellness champion/committee interested joining - FOOTBALL,Wellness champion/committee interested joining - MEN'S CAVE,Wellness champion/committee interested joining - LADIES CLUB,Wellness champion/committee interested joining - BOOK CLUB,Wellness champion/committee interested joining - DIET/NUTRITION PROGRAMS,Wellness champion/committee interested joining - STAIRCASE/STEP CHALLENGE,Wellness champion/committee interested joining - MEDITATION/YOGA/MUSIC,Wellness champion/committee interested joining - QUIZ DAYS,Please reflect on the Mental wellness-related issues listed below and tick the areas you would  like us to address in our regular wellness sessions (tick more than one option).,Mental wellness areas requested to address - Work/job-related stressors,Mental wellness areas requested to address - Building Healthy families,Mental wellness areas requested to address - Emotional Wellbeing,Mental wellness areas requested to address - Financial Wellbeing,"Mental wellness areas requested to address - Overcoming Trauma (Coping mechanisms after a traumatic experience- Physical, emotional, Psychological etc.)",Mental wellness areas requested to address - Substance and Drug Dependence,Mental wellness areas requested to address - Healthy Relationships,Mental wellness areas requested to address - Unresolved Childhood Difficulties,Mental wellness areas requested to address - Anxiety and Depression,Mental wellness areas requested to address - Work-life balance,Mental wellness areas requested to address - Lifestyle diseases management,Mental wellness areas requested to address - Effective Parenting skills (Managing children and teenagers),Mental wellness areas requested to address - Other (please specify),Which of the following training programs would you like to attend?,Training programs interested attending - Mental Health Peer counsellor,Training programs interested attending - Baby minder trainings (training for your nannies),Training programs interested attending - Youth/Peer mentorship program (Training for your adolescent son/daughter),Training programs interested attending - Family Health program- relationships/ Marriage issues/ Parenting (Training for couples),Training programs interested attending - Other (please specify),Which of the health and wellbeing clubs below would you be interested to join?,Health & wellbeing clubs interest 2023 - Soul food (overcomers of a challenging or difficult situation in life; from grass to grace),"Health & wellbeing clubs interest 2023 - Nurture Club (Those supporting young people through mentorship, coaching, career progressions)","Health & wellbeing clubs interest 2023 - Health club (Those interested in healthy living aspects, healthy eating, exercising, health promotion etc.)",Health & wellbeing clubs interest 2023 - Other (please specify)
114515533666.0,I Agree (Continue with Survey),Female,31-35 years,"Program Operations-MEAL,WASH",10,10,,,7,,,,9,,10,,10,,,GYM/AEROBICS,ZUMBA,,,,,,,,,,,,,,Work/job-related stressors,Building Healthy families,Emotional Wellbeing,,,,,,,Work-life balance,Lifestyle diseases management,Effective Parenting skills (Managing children and teenagers),,Wellness coordinators/ Ambassador for Change,Mental Health Peer counsellor,Baby minder trainings (training for your nannies),Youth/Peer mentorship program (Training for your adolescent son/daughter),Family Health program- relationships/ Marriage issues/ Parenting (Training for couples),,,,"Nurture Club (Those supporting young people through mentorship, coaching, career progressions)","Health club (Those interested in healthy living aspects, healthy eating, exercising, health promotion etc.)",
114515474202.0,I Agree (Continue with Survey),Female,50+ years,Safeguarding,9,9,,6,3,3,3,3,9,9,9,3,9,9,,,,,,,,,,LADIES CLUB,,,,,,,Work/job-related stressors,,Emotional Wellbeing,,,,,,,Work-life balance,,,Navigating menopause ,,Mental Health Peer counsellor,,Youth/Peer mentorship program (Training for your adolescent son/daughter),Family Health program- relationships/ Marriage issues/ Parenting (Training for couples),,,,"Nurture Club (Those supporting young people through mentorship, coaching, career progressions)","Health club (Those interested in healthy living aspects, healthy eating, exercising, health promotion etc.)",
114515468298.0,I Agree (Continue with Survey),Male,46-50 years,Finance & Administation,,,,,,,,,,,,,1,,,,,,,,,,,,,,,MEDITATION/YOGA/MUSIC,,,,,,,,,Healthy Relationships,,,Work-life balance,,,,,,,,Family Health program- relationships/ Marriage issues/ Parenting (Training for couples),,,,,"Health club (Those interested in healthy living aspects, healthy eating, exercising, health promotion etc.)",
114514786021.0,I Agree (Continue with Survey),Male,41-45 years,TCIS (Terwilliger Center for Innovation in Shelter ),10,10,10,10,10,10,1,6,1,10,10,10,1,1,Gardening ,,,,,,,,,,,,,,,,,Building Healthy families,,Financial Wellbeing,,,,,,,,Effective Parenting skills (Managing children and teenagers),,,,,Youth/Peer mentorship program (Training for your adolescent son/daughter),,,,,,"Health club (Those interested in healthy living aspects, healthy eating, exercising, health promotion etc.)",
114514767456.0,I Agree (Continue with Survey),Female,41-45 years,TCIS (Terwilliger Center for Innovation in Shelter ),7,,7,2,2,2,1,1,7,1,8,4,1,6,Nature trails,,,,,,,,,,,,,,,Personal issues,Work/job-related stressors,,Emotional Wellbeing,Financial Wellbeing,,,Healthy Relationships,Unresolved Childhood Difficulties,,Work-life balance,Lifestyle diseases management,,,Wellness coordinators/ Ambassador for Change,Mental Health Peer counsellor,,Youth/Peer mentorship program (Training for your adolescent son/daughter),,,,,,"Health club (Those interested in healthy living aspects, healthy eating, exercising, health promotion etc.)",
114514740695.0,I Agree (Continue with Survey),Male,31-35 years,HRLOD (Human Resources and Learning and Organizational Development,1,,,5,2,4,9,,,,3,6,7,8,Basketball,,,,,CYCLING,,FOOTBALL,,,,,,,QUIZ DAYS,,,,Emotional Wellbeing,,"Overcoming Trauma (Coping mechanisms after a traumatic experience- Physical, emotional, Psychological etc.)",,Healthy Relationships,,,Work-life balance,,Effective Parenting skills (Managing children and teenagers),,,,Baby minder trainings (training for your nannies),,Family Health program- relationships/ Marriage issues/ Parenting (Training for couples),,,,"Nurture Club (Those supporting young people through mentorship, coaching, career progressions)","Health club (Those interested in healthy living aspects, healthy eating, exercising, health promotion etc.)",
114514567727.0,I Agree (Continue with Survey),Female,41-45 years,TCIS (Terwilliger Center for Innovation in Shelter ),10,1,4,6,6,1,1,1,1,1,10,1,1,1,,GYM/AEROBICS,,,,,,,,,,,,,,,Work/job-related stressors,,,,,,,,,,,,,Wellness coordinators/ Ambassador for Change,,,,,,,,,"Health club (Those interested in healthy living aspects, healthy eating, exercising, health promotion etc.)",
114514561962.0,I Agree (Continue with Survey),Male,46-50 years,TCIS (Terwilliger Center for Innovation in Shelter ),4,1,1,1,8,3,2,1,7,7,4,4,8,1,,,,,,,,,,,,,,MEDITATION/YOGA/MUSIC,,,,Building Healthy families,,,,,Healthy Relationships,,,Work-life balance,Lifestyle diseases management,Effective Parenting skills (Managing children and teenagers),,,,,,Family Health program- relationships/ Marriage issues/ Parenting (Training for couples),,,,"Nurture Club (Those supporting young people through mentorship, coaching, career progressions)","Health club (Those interested in healthy living aspects, healthy eating, exercising, health promotion etc.)",
114514555015.0,I Agree (Continue with Survey),Female,46-50 years,HRLOD (Human Resources and Learning and Organizational Development,10,10,,10,10,10,,,10,,10,,10,,,GYM/AEROBICS,ZUMBA,,,,,,,LADIES CLUB,,,,MEDITATION/YOGA/MUSIC,,,Work/job-related stressors,Building Healthy families,Emotional Wellbeing,Financial Wellbeing,"Overcoming Trauma (Coping mechanisms after a traumatic experience- Physical, emotional, Psychological etc.)",Substance and Drug Dependence,Healthy Relationships,Unresolved Childhood Difficulties,Anxiety and Depression,Work-life balance,Lifestyle diseases management,Effective Parenting skills (Managing children and teenagers),,Wellness coordinators/ Ambassador for Change,Mental Health Peer counsellor,,,,,,Soul food (overcomers of a challenging or difficult situation in life; from grass to grace),"Nurture Club (Those supporting young people through mentorship, coaching, career progressions)","Health club (Those interested in healthy living aspects, healthy eating, exercising, health promotion etc.)",
114514551150.0,I Agree (Continue with Survey),Female,21-25years,Safeguarding,5,6,10,5,10,5,1,1,1,5,7,3,8,5,,GYM/AEROBICS,,SWIMMING,,CYCLING,,,,,,,,MEDITATION/YOGA/MUSIC,,Personal issues,,,,,"Overcoming Trauma (Coping mechanisms after a traumatic experience- Physical, emotional, Psychological etc.)",,,,,,Lifestyle diseases management,,,,Mental Health Peer counsellor,,,,,,Soul food (overcomers of a challenging or difficult situation in life; from grass to grace),,"Health club (Those interested in healthy living aspects, healthy eating, exercising, health promotion etc.)",
114514551882.0,I Agree (Continue with Survey),Female,26-30 years,"Program Operations-MEAL,WASH",10,10,3,3,3,5,6,,8,8,10,10,2,10,,,ZUMBA,SWIMMING,,,,,,,,DIET/NUTRITION PROGRAMS,STAIRCASE/STEP CHALLENGE,,QUIZ DAYS,,Work/job-related stressors,Building Healthy families,Emotional Wellbeing,Financial Wellbeing,,,Healthy Relationships,,,Work-life balance,,,,Wellness coordinators/ Ambassador for Change,,,,,,,Soul food (overcomers of a challenging or difficult situation in life; from grass to grace),,"Health club (Those interested in healthy living aspects, healthy eating, exercising, health promotion etc.)",
114514529603.0,I Agree (Continue with Survey),Female,36-40 years,HRLOD (Human Resources and Learning and Organizational Development,1,1,1,1,4,7,1,1,1,1,6,7,7,3,,,,SWIMMING,HIKING,CYCLING,,,,,BOOK CLUB,DIET/NUTRITION PROGRAMS,STAIRCASE/STEP CHALLENGE,,QUIZ DAYS,,Work/job-related stressors,Building Healthy families,Emotional Wellbeing,Financial Wellbeing,,,,,,Work-life balance,,Effective Parenting skills (Managing children and teenagers),,Wellness coordinators/ Ambassador for Change,Mental Health Peer counsellor,,,Family Health program- relationships/ Marriage issues/ Parenting (Training for couples),,,,"Nurture Club (Those supporting young people through mentorship, coaching, career progressions)","Health club (Those interested in healthy living aspects, healthy eating, exercising, health promotion etc.)",
114514507765.0,I Agree (Continue with Survey),Male,31-35 years,TCIS (Terwilliger Center for Innovation in Shelter ),10,1,5,10,8,10,1,2,1,3,9,1,1,1,,,,,HIKING,,,,,,,,,,,,,,Emotional Wellbeing,Financial Wellbeing,,,Healthy Relationships,,,Work-life balance,,,,Wellness coordinators/ Ambassador for Change,Mental Health Peer counsellor,,,,,,,,"Health club (Those interested in healthy living aspects, healthy eating, exercising, health promotion etc.)",
114514497416.0,I Agree (Continue with Survey),Female,26-30 years,HRLOD (Human Resources and Learning and Organizational Development,,,,,,,,,,,,,,,,,,,,,,,,,,,,,,,,,,,,,,,,,,,,,,,,,,,,,,
