Respondent ID,Please select your gender ,Kindly select your age group,Please select your local business unit,"Overall, how do you rate the state of your mental well-being?",Please reflect on the mental wellness related issues listed below and select all the areas you would like us to address in our regular sessions.,Mental wellness issues requested to address - Emotional intelligence,Mental wellness issues requested to address - Financial constraints,Mental wellness issues requested to address - Trauma,Mental wellness issues requested to address - Work Life Balance,Mental wellness issues requested to address - Substance and Drug Dependence,Mental wellness issues requested to address - Bereavement and Loss,Mental wellness issues requested to address - Relationship Difficulties,Mental wellness issues requested to address - Unresolved Childhood Difficulties,Mental wellness issues requested to address - Anxiety and Depression,Mental wellness issues requested to address - Other (please specify),What challenges are you currently facing?  ,Current challenges facing employees - Fear of the unknown,Current challenges facing employees - Anxiety,Current challenges facing employees - Feeling overwhelmed and isolated,Current challenges facing employees - Fear of contracting Covid-19,Current challenges facing employees - Financial issues,Current challenges facing employees - Relationship issues,Current challenges facing employees - Fear of losing my job,Current challenges facing employees - Parenting,Current challenges facing employees - Other (please specify),"Over the last month, have you had difficulty sleeping?",Do you have trouble thinking clearly?,Do you cry more than usual?,Do you find it difficult to enjoy your daily activities?,Do you find it difficult to make decisions?,Are you unable to play a useful part in life?,Have you lost interest in things you previously enjoyed doing?,"To what extent do you agree with the following statement ""I feel I have nothing to look forward to""",Has the thought of ending your life been on your mind?,Do you feel tired all the time?,On what areas would you require support on?,Would you like us to connect you and/or your dependents with our professional counselors for support?  
118025606292.0,Male,35-44,PAUL,Fair,,,Financial constraints,,Work Life Balance,,,,,Anxiety and Depression,,Work life balance,,,Feeling overwhelmed and isolated,,Financial issues,,,,,Yes,Yes,No,Sometimes,Sometimes,Sometimes,Yes,Neutral,Yes,Sometimes,work life balance,Yes
118025600045.0,Female,25-34,PAUL,Fair,,,Financial constraints,,,,,,,Anxiety and Depression,,,,Anxiety,,,Financial issues,,,,,Yes,Maybe,No,Sometimes,Sometimes,Sometimes,Maybe,Strongly disagree,No,Sometimes,,No
118025575298.0,Male,35-44,PLAZ,Excellent,,Emotional intelligence,Financial constraints,,Work Life Balance,,,,,,,,,,,,Financial issues,Relationship issues,,,,No,No,No,No,No,No,No,Strongly disagree,No,No,Financial management ,Yes
118025565312.0,Male,35-44,PAUL,Excellent,Work/job related stressors,Emotional intelligence,Financial constraints,,Work Life Balance,,,,,Anxiety and Depression,none,,,,,,,,,,none,No,No,No,No,No,No,No,Strongly disagree,No,No,none,No
118025278046.0,Female,25-34,PLAZ,Good,Work/job related stressors,,,,Work Life Balance,Substance and Drug Dependence,,,Unresolved Childhood Difficulties,Anxiety and Depression,,Work life balance,Fear of the unknown,Anxiety,,,,,,,,Yes,Maybe,No,Sometimes,Yes,No,Yes,Disagree,No,No,Anxiety and overthinking ,Yes
118025217247.0,Male,25-34,PLAZ,Good,,Emotional intelligence,,Trauma,Work Life Balance,,,,,,,Work life balance,,,,,,,,,,No,No,No,Sometimes,No,No,No,Disagree,No,Sometimes,Not that I can tell,No
118025208799.0,Male,55-64,PAUL,Good,Work/job related stressors,,,,,,,,,,,Work life balance,,,,,,,,,,No,No,No,No,No,No,Maybe,Strongly disagree,No,No,Work/life balance,No
118025152420.0,Male,25-34,PAUL,Excellent,,,,,Work Life Balance,,,,,,,,,,,,Financial issues,,,,,No,No,No,No,No,No,,Strongly disagree,No,No,,No
118025094448.0,Female,35-44,PAUL,Good,Work/job related stressors,,Financial constraints,,Work Life Balance,,,Relationship Difficulties,Unresolved Childhood Difficulties,Anxiety and Depression,,Work life balance,,Anxiety,,,Financial issues,,,Parenting,,No,Maybe,No,Sometimes,Sometimes,No,No,Disagree,No,Sometimes,Work related stress(workload and workmates with negative energy.,No
118025046334.0,Female,25-34,PAUL,Good,,,,,Work Life Balance,,,,,,,Work life balance,,,,,,,,,,No,No,No,No,No,No,No,Disagree,No,No,Planning,No
118025009367.0,Male,25-34,PAUL,Good,,,Financial constraints,,Work Life Balance,,,,,,,,,,,,Financial issues,,,,,No,No,No,Sometimes,No,No,No,Disagree,No,No,May be if my salary can be revised.,No
118025002875.0,Male,25-34,PAUL,Good,,,Financial constraints,,Work Life Balance,,,,,,,,,,,,Financial issues,,,,,No,No,No,Sometimes,No,No,No,Disagree,No,No,May be if my salary can be revised.,No
118024993165.0,Male,25-34,PPMZ,Good,Work/job related stressors,Emotional intelligence,Financial constraints,Trauma,Work Life Balance,,Bereavement and Loss,Relationship Difficulties,,Anxiety and Depression,,Work life balance,Fear of the unknown,Anxiety,Feeling overwhelmed and isolated,,,Relationship issues,Fear of losing my job,,,Yes,Maybe,No,Sometimes,No,No,Yes,Disagree,No,Yes,Work life balance ,Yes
118024987416.0,Female,25-34,PPMZ,Good,,Emotional intelligence,Financial constraints,,Work Life Balance,,,,,Anxiety and Depression,,Work life balance,,,Feeling overwhelmed and isolated,,,,,,,No,No,No,No,No,No,No,Strongly disagree,No,Yes,,Yes
118024980827.0,Female,25-34,PLAZ,Poor,Work/job related stressors,,Financial constraints,Trauma,,,,Relationship Difficulties,Unresolved Childhood Difficulties,Anxiety and Depression,,,,Anxiety,Feeling overwhelmed and isolated,,Financial issues,,,,,Yes,Yes,Yes,Yes,Sometimes,Yes,Yes,Neutral,Yes,Sometimes,All the selected areas ,Yes
118024976349.0,Male,35-44,PAUL,Good,Work/job related stressors,Emotional intelligence,Financial constraints,,Work Life Balance,,,,,,,Work life balance,,,,,,,,,,No,No,No,Sometimes,No,No,No,Strongly disagree,No,Sometimes,Work life balance ,No
118024960928.0,Female,55-64,PLAZ,Excellent,,Emotional intelligence,,,,,,,,,,,,,,,,,,,,No,,No,No,No,No,No,Strongly disagree,No,No,,No
118024955853.0,Male,35-44,PLAZ,Excellent,Work/job related stressors,Emotional intelligence,Financial constraints,,Work Life Balance,,Bereavement and Loss,,,,,Work life balance,,,,,Financial issues,,,,,Yes,No,No,Sometimes,Sometimes,Sometimes,Maybe,Disagree,No,No,Financial management ,No
118024924732.0,Female,35-44,PPMZ,Fair,Work/job related stressors,,,,Work Life Balance,,,,,,,Work life balance,,,Feeling overwhelmed and isolated,,,,,,,Yes,Maybe,Yes,Sometimes,Sometimes,Sometimes,Yes,Neutral,No,Yes,"leave , work life balance",No
118024922527.0,Female,35-44,PPMZ,Fair,Work/job related stressors,Emotional intelligence,Financial constraints,Trauma,Work Life Balance,,Bereavement and Loss,Relationship Difficulties,,Anxiety and Depression,,Work life balance,,Anxiety,Feeling overwhelmed and isolated,,Financial issues,,,Parenting,,Yes,No,Yes,Yes,No,Sometimes,Yes,Agree,No,Yes,Motivation ,Yes
118024921303.0,Female,25-34,PPMZ,Fair,Work/job related stressors,Emotional intelligence,Financial constraints,,Work Life Balance,,,Relationship Difficulties,,Anxiety and Depression,,Work life balance,,Anxiety,,,,Relationship issues,Fear of losing my job,Parenting,,Yes,Maybe,Yes,Sometimes,Sometimes,No,Yes,Agree,Yes,Yes,Emotional support ,No
118024911084.0,Male,25-34,PPMZ,Fair,Work/job related stressors,Emotional intelligence,Financial constraints,Trauma,Work Life Balance,,,,,Anxiety and Depression,,,,,,,Financial issues,,,,,Yes,Yes,No,Yes,Sometimes,Yes,Yes,Strongly agree,No,Yes,,No
118024906808.0,Female,25-34,PLAZ,Fair,,,Financial constraints,,,,,Relationship Difficulties,,,,,,,,,Financial issues,Relationship issues,,,,No,Yes,No,No,No,Yes,Yes,Disagree,No,Yes,Handling disappointment,Yes
118024903074.0,Female,25-34,PPMZ,Fair,,Emotional intelligence,Financial constraints,,Work Life Balance,,Bereavement and Loss,,,,,,Fear of the unknown,,Feeling overwhelmed and isolated,,Financial issues,,,,,Yes,Maybe,No,Sometimes,Yes,No,No,Disagree,No,Sometimes,Fear of the unknown and how to deal with bereavement loss,No
118024895088.0,Male,25-34,PLAZ,Fair,Work/job related stressors,Emotional intelligence,Financial constraints,,Work Life Balance,,,,,Anxiety and Depression,,Work life balance,,Anxiety,,,Financial issues,,,,,No,Yes,No,Sometimes,Sometimes,No,Yes,Agree,No,Yes,,No
118024890347.0,Male,25-34,PAUL,Fair,Work/job related stressors,Emotional intelligence,Financial constraints,Trauma,Work Life Balance,Substance and Drug Dependence,Bereavement and Loss,Relationship Difficulties,Unresolved Childhood Difficulties,Anxiety and Depression,,Work life balance,,,,Fear of contracting Covid-19,Financial issues,Relationship issues,,,,No,Yes,No,Yes,Yes,Yes,Yes,Strongly agree,No,No,finance,No
118024888540.0,Female,25-34,PAUL,Fair,Work/job related stressors,,,,Work Life Balance,,,,,Anxiety and Depression,,Work life balance,,Anxiety,Feeling overwhelmed and isolated,,,,,,,Yes,Maybe,No,Sometimes,No,No,Yes,Strongly disagree,No,Yes,,No
118024885344.0,Female,25-34,PAUL,Fair,,Emotional intelligence,Financial constraints,,,,,Relationship Difficulties,,Anxiety and Depression,,,Fear of the unknown,Anxiety,Feeling overwhelmed and isolated,,Financial issues,,,,,Yes,Yes,Yes,Sometimes,Sometimes,No,Yes,Strongly disagree,No,Yes,Finance,Yes
118024878649.0,Male,25-34,PLAZ,Excellent,Work/job related stressors,,Financial constraints,Trauma,Work Life Balance,Substance and Drug Dependence,Bereavement and Loss,Relationship Difficulties,Unresolved Childhood Difficulties,Anxiety and Depression,,Work life balance,,,Feeling overwhelmed and isolated,,,,,,,No,No,No,No,No,No,Yes,Disagree,No,Sometimes,Work life balance ,Yes
118024875110.0,Male,35-44,PLAZ,Excellent,,,Financial constraints,,,,,,,,,,,,,,Financial issues,,,,,No,Maybe,No,No,Sometimes,No,Maybe,Disagree,No,Sometimes,,No
118024873836.0,Male,35-44,PLAZ,Excellent,,,Financial constraints,,,,,,,,,,,,,,Financial issues,,,,,No,Maybe,No,No,Sometimes,No,Maybe,Disagree,No,Sometimes,How to diversify and be financially stable,No
118024872122.0,Female,25-34,PAUL,Poor,Work/job related stressors,Emotional intelligence,,,Work Life Balance,,,,,Anxiety and Depression,,Work life balance,,Anxiety,Feeling overwhelmed and isolated,,,,Fear of losing my job,,,Yes,Yes,Yes,Yes,Yes,Sometimes,Yes,Neutral,No,Sometimes,I need to talk to a counsellor ,Yes
118024870230.0,Female,25-34,PLAZ,Good,,,,,Work Life Balance,,,,,,,Work life balance,,,,,,,,,,No,No,No,No,Sometimes,Yes,No,Strongly disagree,No,Sometimes,,No
118024869188.0,Male,25-34,PAUL,Good,Work/job related stressors,Emotional intelligence,Financial constraints,,Work Life Balance,,,Relationship Difficulties,,,,,Fear of the unknown,,,,Financial issues,,,,,Yes,Maybe,No,No,No,No,Maybe,Disagree,No,Sometimes,Financial support considering the increasing cost of living,No
118024862737.0,Female,25-34,PAUL,Fair,,Emotional intelligence,,,,,,,,,,,,,,,Financial issues,,,,,No,Maybe,No,Sometimes,Sometimes,Sometimes,Maybe,Disagree,No,Sometimes,,No
118024862299.0,Female,25-34,PAUL,Fair,,,Financial constraints,,,,,,,,,,,,,,Financial issues,,,,,Yes,Yes,Yes,Yes,Yes,Sometimes,Yes,Neutral,No,Sometimes,"Increase in the salary, the bills are just too many",No
118024860780.0,Female,25-34,PAUL,Fair,Work/job related stressors,,,,Work Life Balance,,,,,,,Work life balance,,,Feeling overwhelmed and isolated,,Financial issues,,,,,Yes,Yes,Yes,Yes,Yes,Yes,Yes,Neutral,No,Yes,Work life balance,Yes
118024859007.0,Female,25-34,PAUL,Fair,,,Financial constraints,Trauma,Work Life Balance,,,,Unresolved Childhood Difficulties,,,,,Anxiety,Feeling overwhelmed and isolated,,,,,,,No,Maybe,Yes,Sometimes,Sometimes,Sometimes,Maybe,Disagree,No,Sometimes,,No
118024854958.0,Male,25-34,PLAZ,Excellent,Work/job related stressors,Emotional intelligence,,,Work Life Balance,,,,,,,Work life balance,,,,,,,,,,No,No,No,Sometimes,No,No,Maybe,Disagree,No,No,Work Life Balance,No
118024854056.0,Female,45-54,PLAZ,Good,Work/job related stressors,,,,Work Life Balance,,,,,,,,,,,,Financial issues,,,,,No,No,No,Sometimes,Sometimes,No,No,Disagree,No,No,coping with work related stress,No
118024852339.0,Male,25-34,PAUL,Excellent,Work/job related stressors,Emotional intelligence,Financial constraints,Trauma,Work Life Balance,Substance and Drug Dependence,Bereavement and Loss,Relationship Difficulties,Unresolved Childhood Difficulties,Anxiety and Depression,,Work life balance,Fear of the unknown,,,,,Relationship issues,,,,Yes,Yes,No,Sometimes,Sometimes,No,Maybe,Disagree,No,Sometimes,Relationship management,Yes
118024848633.0,Male,35-44,PAUL,Fair,Work/job related stressors,Emotional intelligence,,,Work Life Balance,,Bereavement and Loss,Relationship Difficulties,,,,Work life balance,,Anxiety,,,,,Fear of losing my job,,,No,Yes,No,Sometimes,Yes,No,No,Strongly disagree,No,Yes,dealing with work stressors,Yes
118024848478.0,Female,25-34,PAUL,Fair,,,Financial constraints,,Work Life Balance,,,,,Anxiety and Depression,,Work life balance,Fear of the unknown,Anxiety,Feeling overwhelmed and isolated,,Financial issues,,,,,Yes,Maybe,No,Sometimes,Sometimes,Sometimes,Maybe,Disagree,No,Sometimes,,No
118024845986.0,Female,25-34,PLAZ,Good,,,Financial constraints,,Work Life Balance,,,Relationship Difficulties,Unresolved Childhood Difficulties,,,,Fear of the unknown,Anxiety,,,Financial issues,Relationship issues,,Parenting,,Yes,Maybe,No,Sometimes,Sometimes,Sometimes,Maybe,Strongly disagree,No,Sometimes,Finance and relationship ,Yes
118024844412.0,Female,45-54,PLAZ,Excellent,,,,,,Substance and Drug Dependence,,,,,,Work life balance,,,,,,,,,,Yes,Yes,Yes,Yes,Yes,Yes,Yes,Agree,No,Sometimes,All areas ,Yes
118024843476.0,Male,25-34,PAUL,Fair,,,,,Work Life Balance,,,,,,,,,Anxiety,,,,,,,,No,No,No,No,No,No,No,Agree,No,No,Anxiety,Yes
118024842706.0,Male,25-34,PAUL,Good,,Emotional intelligence,,,Work Life Balance,,,,,,,Work life balance,,,,Fear of contracting Covid-19,,,,,,No,No,No,Sometimes,Sometimes,No,Maybe,Strongly disagree,No,No,,No
118024841436.0,Male,25-34,PAUL,Good,,Emotional intelligence,,,Work Life Balance,,,,,,,Work life balance,,,,Fear of contracting Covid-19,,,,,,No,No,No,Sometimes,Sometimes,No,Maybe,Strongly disagree,No,No,Work life balance,No
118024839363.0,Male,25-34,PAUL,Good,,,Financial constraints,,Work Life Balance,,,,Unresolved Childhood Difficulties,,,Work life balance,,,,,Financial issues,,Fear of losing my job,Parenting,,No,No,No,No,Sometimes,No,Maybe,Neutral,No,Sometimes,,No
118024839261.0,Male,35-44,PLAZ,Good,Work/job related stressors,Emotional intelligence,Financial constraints,,Work Life Balance,,,,,Anxiety and Depression,,,,,,Fear of contracting Covid-19,Financial issues,,,,,No,Maybe,No,Yes,Sometimes,No,Maybe,Neutral,No,Sometimes,Pru is a great place to work and I love the culture being promoted by the new MD. We have gone to watch a movie as a company and we are doing it again this Friday. May such initiatives continue. I will need to work out more and Rest and start feeling energised again,Yes
118024838839.0,Male,35-44,PPMZ,Good,,,Financial constraints,,Work Life Balance,,,,,,,Work life balance,Fear of the unknown,,,,,,,,,Yes,No,No,No,No,No,Yes,Disagree,No,Sometimes,Financial stress,Yes
118024837522.0,Male,25-34,PAUL,Excellent,,,,,Work Life Balance,,,Relationship Difficulties,,Anxiety and Depression,,Work life balance,,,Feeling overwhelmed and isolated,,,,,,,No,No,No,No,No,No,Yes,Disagree,No,No,feeling isolated,No
118024836825.0,Male,35-44,PAUL,Good,Work/job related stressors,Emotional intelligence,,,,,,,,Anxiety and Depression,,,,Anxiety,,,,,,,,No,Maybe,No,,Sometimes,Sometimes,Maybe,Strongly disagree,No,Yes,Anxiety,No
118024835498.0,Female,35-44,PLAZ,Fair,Work/job related stressors,Emotional intelligence,Financial constraints,,Work Life Balance,,Bereavement and Loss,Relationship Difficulties,,Anxiety and Depression,,,Fear of the unknown,,Feeling overwhelmed and isolated,,Financial issues,Relationship issues,,Parenting,Breavement and loss,Yes,Yes,Yes,Sometimes,Sometimes,No,Maybe,Neutral,Yes,Yes,"I feel i need support in three quarters of my life area e.g my family, my work ,my life as a person",Yes
118024835094.0,Female,25-34,PLAZ,Poor,Work/job related stressors,,Financial constraints,Trauma,Work Life Balance,,,,Unresolved Childhood Difficulties,,,Work life balance,Fear of the unknown,,Feeling overwhelmed and isolated,,Financial issues,,,,,Yes,Yes,No,Yes,Yes,Yes,Yes,Agree,Yes,Yes,,No
118024832112.0,Male,35-44,PLAZ,Excellent,Work/job related stressors,Emotional intelligence,Financial constraints,Trauma,Work Life Balance,,Bereavement and Loss,,Unresolved Childhood Difficulties,Anxiety and Depression,,Work life balance,Fear of the unknown,,,Fear of contracting Covid-19,,,Fear of losing my job,,,Yes,No,No,Sometimes,No,Yes,Yes,Strongly disagree,No,Sometimes,Mentorship ,No
118024832094.0,Female,25-34,PLAZ,Good,,,Financial constraints,,,,,,,,,,,,,,Financial issues,,,,,Yes,Maybe,No,Sometimes,Sometimes,Sometimes,Maybe,Neutral,Yes,Sometimes,Financial,Yes
118024832082.0,Male,35-44,PLAZ,Excellent,,Emotional intelligence,,,,,,Relationship Difficulties,Unresolved Childhood Difficulties,Anxiety and Depression,,,,Anxiety,,,Financial issues,Relationship issues,,Parenting,,Yes,No,No,Sometimes,Sometimes,Yes,Yes,Strongly disagree,Yes,Sometimes,Financial and family handling ,No
118024831188.0,Male,25-34,PLAZ,Fair,,,Financial constraints,,Work Life Balance,,,,,,,Work life balance,,,,,Financial issues,,,,,No,Maybe,No,No,Sometimes,No,No,Disagree,No,Yes,Financial and work life balance ,No
118024831152.0,Female,35-44,PLAZ,Fair,Work/job related stressors,Emotional intelligence,Financial constraints,,Work Life Balance,,,Relationship Difficulties,,Anxiety and Depression,,,,Anxiety,Feeling overwhelmed and isolated,,Financial issues,,,Parenting,Stress from being a single parent and caring for my sick mother,Yes,Yes,Yes,Sometimes,Sometimes,Sometimes,No,Strongly disagree,No,Yes, Coping with family obligations and work,Yes
118024830865.0,Female,25-34,PLAK,Good,Work/job related stressors,Emotional intelligence,Financial constraints,Trauma,Work Life Balance,,Bereavement and Loss,,,Anxiety and Depression,,Work life balance,Fear of the unknown,,,,Financial issues,,,,"Work,school and parenting balance ",No,Maybe,Yes,Sometimes,No,No,Yes,Disagree,No,Sometimes,"Work,school balance ",No
118024830124.0,Male,35-44,PLAZ,Excellent,,Emotional intelligence,Financial constraints,,Work Life Balance,,,,,,,,,,,,Financial issues,Relationship issues,,,,No,No,No,No,No,No,No,Strongly disagree,No,No,Financial management ,Yes
118024827724.0,Male,25-34,PLAZ,Poor,,,Financial constraints,,Work Life Balance,,Bereavement and Loss,,,Anxiety and Depression,,Work life balance,,,,,Financial issues,,,,,Yes,Yes,Yes,Sometimes,Yes,Sometimes,Yes,Strongly agree,Yes,Yes,Financial ,Yes
118024827617.0,Male,25-34,PLAZ,Good,,,,,Work Life Balance,,,,,,,Work life balance,Fear of the unknown,,,,,,Fear of losing my job,,,No,No,No,No,Sometimes,No,No,Disagree,No,No,Decision making,Yes
118024827595.0,Female,25-34,PLAZ,Good,Work/job related stressors,,Financial constraints,,Work Life Balance,,Bereavement and Loss,,,,,,,,Feeling overwhelmed and isolated,,Financial issues,,,,,No,No,No,No,No,No,No,Strongly disagree,No,No,"Financial, Work Load, Handling Subordinates",No
118024827276.0,Female,35-44,PLAZ,Fair,Work/job related stressors,,,,,,,,,,,Work life balance,,,,,,,,,,Yes,No,No,Sometimes,No,No,No,Disagree,No,Yes,,No
118024826918.0,Male,25-34,PLAZ,Fair,,,Financial constraints,,,,,,,,,,,,,,Financial issues,,,,,No,Yes,No,Sometimes,Sometimes,No,Yes,Agree,No,Yes,Someone to talk to,No
118024826106.0,Male,25-34,PLAZ,Good,Work/job related stressors,,Financial constraints,,Work Life Balance,,,Relationship Difficulties,,,,,Fear of the unknown,,,,Financial issues,,Fear of losing my job,,,No,No,No,No,No,Sometimes,No,Disagree,No,No,,No
118024825861.0,Male,35-44,PLAZ,,,,,,Work Life Balance,,,Relationship Difficulties,,Anxiety and Depression,,,,,,,,Relationship issues,,,,Yes,No,No,No,No,No,No,Disagree,No,Sometimes,Emotional balance,Yes
118024825617.0,Female,25-34,PLAZ,Good,Work/job related stressors,,,,Work Life Balance,Substance and Drug Dependence,,,Unresolved Childhood Difficulties,Anxiety and Depression,,Work life balance,Fear of the unknown,Anxiety,,,,,,,,Yes,Maybe,No,Sometimes,Yes,No,Yes,Disagree,No,No,Anxiety and overthinking ,Yes
118024824989.0,Male,35-44,PASL,Good,Work/job related stressors,,Financial constraints,,,,Bereavement and Loss,,,,,,,,Feeling overwhelmed and isolated,,,,Fear of losing my job,,,No,Maybe,No,Sometimes,No,No,Maybe,Strongly disagree,No,Sometimes,Finances,No
118024823758.0,Male,25-34,PLAZ,Good,Work/job related stressors,Emotional intelligence,Financial constraints,,Work Life Balance,,,Relationship Difficulties,,Anxiety and Depression,,Work life balance,,,,,Financial issues,Relationship issues,Fear of losing my job,,,Yes,Maybe,No,Sometimes,Sometimes,Sometimes,Maybe,Strongly agree,No,Sometimes,Financial & relationships,Yes
118024817274.0,Female,25-34,PASL,Good,,Emotional intelligence,Financial constraints,,,,,Relationship Difficulties,Unresolved Childhood Difficulties,Anxiety and Depression,,Work life balance,,,,,Financial issues,,Fear of losing my job,,,Yes,Yes,No,Sometimes,Yes,Sometimes,Maybe,Agree,No,Sometimes,Financial literacy band job security,Yes
118024808376.0,Male,45-54,PASL,Excellent,,Emotional intelligence,,,Work Life Balance,,,,,Anxiety and Depression,,,,,,,,,,Parenting,,Yes,Yes,No,Sometimes,No,No,Yes,Disagree,No,Sometimes,Na,Yes
118024807371.0,Female,25-34,PAUL,Good,Work/job related stressors,Emotional intelligence,Financial constraints,,Work Life Balance,,,,,Anxiety and Depression,,Work life balance,,Anxiety,,,,,,,,Yes,Yes,Yes,Sometimes,Sometimes,No,Maybe,Neutral,No,Yes,WORK LIFE BALANCE,No
118024802606.0,Female,25-34,PASL,Good,Work/job related stressors,Emotional intelligence,,,Work Life Balance,,,Relationship Difficulties,,Anxiety and Depression,,Work life balance,,Anxiety,Feeling overwhelmed and isolated,,Financial issues,,,,,Yes,Maybe,No,No,Sometimes,No,No,Strongly disagree,No,Sometimes,"Work Life Balance, Emotional Intelligence, Managing work relationships",No
118024801414.0,Male,25-34,PASL,Excellent,,,,,,,Bereavement and Loss,,,,,,,,,,,,,,,No,No,No,No,No,No,No,Strongly disagree,No,No,,No
118024620630.0,Male,25-34,PAUL,Excellent,Work/job related stressors,Emotional intelligence,Financial constraints,,Work Life Balance,,Bereavement and Loss,Relationship Difficulties,,Anxiety and Depression,,,,,,,Financial issues,,,,,No,No,No,Sometimes,No,No,No,Strongly agree,No,Sometimes,Financial Areas,No
118024426031.0,Female,35-44,PAUL,Good,Work/job related stressors,,Financial constraints,,,Substance and Drug Dependence,,Relationship Difficulties,Unresolved Childhood Difficulties,Anxiety and Depression,,Work life balance,,Anxiety,,,Financial issues,,,,,No,Maybe,No,Sometimes,Sometimes,No,Maybe,Disagree,No,Sometimes,Work related stress and financial constraints ,No
118024404164.0,Male,35-44,PAUL,Good,,,,,,,,,,Anxiety and Depression,,,,Anxiety,,,,,Fear of losing my job,,,No,No,No,No,No,No,No,Strongly disagree,No,Sometimes,,No
118024403706.0,Male,35-44,PAUL,Good,,,,,,,,,,Anxiety and Depression,,,,Anxiety,,,,,Fear of losing my job,,,No,No,No,No,No,No,No,Strongly disagree,No,Sometimes,Nothing specific,No
118024354386.0,Female,35-44,PAUL,Fair,Work/job related stressors,Emotional intelligence,Financial constraints,,Work Life Balance,,,,,,,Work life balance,,Anxiety,,,Financial issues,,,Parenting,,No,Yes,Yes,Yes,Yes,No,Yes,Disagree,No,Yes,Flexiworking,Yes
118024333490.0,Male,25-34,PAUL,Fair,Work/job related stressors,,Financial constraints,,Work Life Balance,,,,,,,Work life balance,,,,,Financial issues,,,,,No,Yes,No,No,No,Yes,Yes,Disagree,No,Yes,Financials,No
118024330795.0,Male,25-34,PPMZ,Excellent,Work/job related stressors,,Financial constraints,,,,,,,Anxiety and Depression,,,,,Feeling overwhelmed and isolated,,Financial issues,,,,,No,Maybe,No,Sometimes,Sometimes,No,Yes,Strongly disagree,No,Yes,Work stress relief and financial education,Yes
118024290103.0,Female,25-34,PAUL,Good,Work/job related stressors,Emotional intelligence,,,Work Life Balance,,,,,,,Work life balance,,,,,,,,,,No,No,No,No,No,No,No,Strongly disagree,No,Sometimes,WORK LIFE BALANCE,No
118024221316.0,Male,45-54,PAUL,Excellent,Work/job related stressors,Emotional intelligence,Financial constraints,,Work Life Balance,,,,,Anxiety and Depression,,,Fear of the unknown,,,,Financial issues,,Fear of losing my job,,,No,No,No,No,No,No,No,Strongly disagree,No,Sometimes,financial support and motivative speeches,No
118024174100.0,Male,35-44,PAUL,Good,Work/job related stressors,,,,,,,,,,,,,Anxiety,,,,,,,,No,No,No,No,No,No,Yes,Disagree,No,No,Breaking barriers ,No
118024168344.0,Male,25-34,PAUL,Excellent,,Emotional intelligence,,,,,,,,,,,,,,,Financial issues,,,,,No,No,No,No,No,No,No,Strongly agree,No,No,,No
118024164017.0,Female,25-34,PAUL,Fair,Work/job related stressors,Emotional intelligence,,,Work Life Balance,,,Relationship Difficulties,,Anxiety and Depression,,Work life balance,Fear of the unknown,Anxiety,Feeling overwhelmed and isolated,,,,Fear of losing my job,,,No,Yes,No,Sometimes,Sometimes,Sometimes,Maybe,Disagree,No,Yes,All,Yes
118024123960.0,Female,25-34,PAUL,Good,Work/job related stressors,Emotional intelligence,Financial constraints,,Work Life Balance,,,,Unresolved Childhood Difficulties,Anxiety and Depression,,Work life balance,Fear of the unknown,Anxiety,,,Financial issues,,Fear of losing my job,,,No,No,No,Sometimes,Sometimes,No,Maybe,Strongly disagree,No,Sometimes,,No
118024121860.0,Female,25-34,PAUL,Good,Work/job related stressors,Emotional intelligence,Financial constraints,,Work Life Balance,,,,Unresolved Childhood Difficulties,Anxiety and Depression,,Work life balance,Fear of the unknown,Anxiety,,,Financial issues,,Fear of losing my job,,,No,No,No,Sometimes,Sometimes,No,Maybe,Strongly disagree,No,Sometimes,Create career pathway,No
118024105400.0,Female,25-34,PAUL,Fair,Work/job related stressors,,Financial constraints,,Work Life Balance,,,,,,none,Work life balance,,,,,Financial issues,,,,none,Yes,No,Yes,Sometimes,Sometimes,No,No,Strongly disagree,No,Sometimes,Financial areas,No
118024101760.0,Female,25-34,PAUL,Very Poor,Work/job related stressors,Emotional intelligence,Financial constraints,,Work Life Balance,,,Relationship Difficulties,,Anxiety and Depression,,Work life balance,Fear of the unknown,Anxiety,,,Financial issues,Relationship issues,Fear of losing my job,,,No,Maybe,No,Sometimes,Sometimes,Sometimes,Yes,Agree,No,Yes,Finacial support,No
118024079354.0,Female,35-44,PAUL,Good,Work/job related stressors,Emotional intelligence,Financial constraints,,Work Life Balance,,,Relationship Difficulties,,Anxiety and Depression,,,,,,,,,,,none,No,No,No,No,No,No,No,Strongly disagree,No,No,,No
118024075775.0,Female,25-34,PAUL,Good,Work/job related stressors,Emotional intelligence,Financial constraints,,Work Life Balance,,Bereavement and Loss,Relationship Difficulties,,Anxiety and Depression,,Work life balance,,,,,Financial issues,Relationship issues,,Parenting,,Yes,No,No,No,No,No,No,Disagree,No,Yes,,Yes
118024072142.0,Male,35-44,PLAZ,Excellent,Work/job related stressors,Emotional intelligence,Financial constraints,Trauma,Work Life Balance,Substance and Drug Dependence,Bereavement and Loss,Relationship Difficulties,Unresolved Childhood Difficulties,Anxiety and Depression,,,Fear of the unknown,,,,Financial issues,,Fear of losing my job,,,Yes,Maybe,Yes,Sometimes,Sometimes,No,Yes,Neutral,No,Sometimes,Financial services,No
118024061601.0,Female,35-44,PAUL,Good,,Emotional intelligence,,,,,,,,,,Work life balance,,,,,,,,,,No,Maybe,No,Sometimes,No,No,Yes,Strongly disagree,No,No,Understand people better,No
118024057329.0,Male,25-34,PAUL,Fair,Work/job related stressors,Emotional intelligence,Financial constraints,,Work Life Balance,,,,,,,Work life balance,,,,,Financial issues,,,,,No,No,No,Sometimes,Sometimes,No,No,Strongly disagree,No,No,,No
118024053681.0,Female,25-34,PASL,Good,,,,,,,,,Unresolved Childhood Difficulties,,Nik,,Fear of the unknown,,,,,,,,,Yes,No,No,No,No,Yes,No,Disagree,No,No,Nik,No
118024051590.0,Female,25-34,PAUL,Fair,,Emotional intelligence,,,Work Life Balance,,,Relationship Difficulties,,Anxiety and Depression,,,Fear of the unknown,,Feeling overwhelmed and isolated,,,,,,,No,Maybe,Yes,Sometimes,Sometimes,Sometimes,Maybe,Neutral,No,Sometimes,,No
118024034721.0,Female,25-34,PAUL,Fair,Work/job related stressors,Emotional intelligence,Financial constraints,,Work Life Balance,,Bereavement and Loss,,,Anxiety and Depression,,Work life balance,,,Feeling overwhelmed and isolated,,,,Fear of losing my job,,,No,Maybe,No,Sometimes,Yes,Sometimes,No,Disagree,No,Sometimes,work life balance,No
118024026825.0,Male,25-34,PAUL,Good,Work/job related stressors,Emotional intelligence,Financial constraints,,Work Life Balance,,,,,Anxiety and Depression,,Work life balance,Fear of the unknown,,,,,,Fear of losing my job,,,Yes,No,No,Sometimes,No,No,Maybe,Neutral,No,No,Financial Intellenge,No
118024001796.0,Female,25-34,PAUL,Fair,Work/job related stressors,,Financial constraints,,,,,,,,,Work life balance,,Anxiety,,,Financial issues,,,,,No,Yes,No,No,Sometimes,Sometimes,No,Strongly disagree,No,Sometimes,Financial constraints ,No
118023969295.0,Male,18-24,PAUL,Good,Work/job related stressors,,,,,,,,,,,Work life balance,,,,,,,,,,Yes,No,No,No,No,No,No,Disagree,No,Sometimes,nothing,No
118023968893.0,Female,25-34,PAUL,Good,,Emotional intelligence,Financial constraints,,Work Life Balance,,,,,,,Work life balance,,,,,Financial issues,,,,,No,No,No,No,Sometimes,No,Maybe,Agree,No,No,Work-life balance,Yes
118023968834.0,Male,25-34,PAUL,Good,,,Financial constraints,,Work Life Balance,,,,,Anxiety and Depression,,Work life balance,,Anxiety,,,Financial issues,,,,,Yes,Maybe,No,Sometimes,Sometimes,Sometimes,Maybe,Strongly disagree,No,Sometimes," Anxiety and Depression, Financial constraints and Work life balance",Yes
118023968363.0,Male,35-44,PAUL,Good,Work/job related stressors,Emotional intelligence,Financial constraints,Trauma,Work Life Balance,,,,,Anxiety and Depression,,Work life balance,Fear of the unknown,,Feeling overwhelmed and isolated,Fear of contracting Covid-19,Financial issues,,,Parenting,,Yes,Maybe,No,Sometimes,Sometimes,No,Yes,Strongly disagree,No,Sometimes,"Financial support, Feeling overwhelmed ",No
118023967179.0,Female,25-34,PAUL,Good,Work/job related stressors,,,Trauma,Work Life Balance,,Bereavement and Loss,,,,,Work life balance,,,,,Financial issues,,,,,No,No,No,No,No,No,No,Disagree,No,Sometimes,Self Development,No
118023966555.0,Female,25-34,PAUL,Good,Work/job related stressors,,Financial constraints,,,,,,,Anxiety and Depression,,,,,,,Financial issues,,,,,No,No,No,Sometimes,No,No,Maybe,Strongly disagree,No,Sometimes,Financial in regards to salary increment,No
118023966142.0,Female,45-54,PAUL,Excellent,,Emotional intelligence,,,,,,,,,,Work life balance,,,,,,,,,,No,No,No,No,No,No,No,Strongly disagree,No,No,Managing Stress,No
118023963693.0,Male,25-34,PAUL,Very Poor,Work/job related stressors,,Financial constraints,,Work Life Balance,,,,,,,Work life balance,,Anxiety,,,Financial issues,,,,,Yes,No,No,Yes,Yes,No,Yes,Agree,No,Sometimes,Work balance,Yes
118023962065.0,Female,25-34,PAUL,Good,Work/job related stressors,,Financial constraints,,Work Life Balance,,,,,,,Work life balance,,,,,Financial issues,,,,,No,Maybe,No,Sometimes,Sometimes,Sometimes,Yes,Neutral,No,Sometimes,Financial,No
118023958875.0,Female,25-34,PAUL,Good,Work/job related stressors,Emotional intelligence,Financial constraints,,Work Life Balance,Substance and Drug Dependence,Bereavement and Loss,Relationship Difficulties,Unresolved Childhood Difficulties,Anxiety and Depression,,Work life balance,,Anxiety,,,Financial issues,Relationship issues,Fear of losing my job,Parenting,,Yes,Yes,Yes,Yes,Yes,Sometimes,Yes,Strongly disagree,No,Yes,"Stress, emotional intelligence, difficult relationships, worklife balance",Yes
118023957958.0,Female,25-34,PAUL,Good,,,,,Work Life Balance,,,,,,,,,,,,Financial issues,,,,,Yes,No,No,No,Sometimes,Sometimes,Yes,Disagree,Yes,Sometimes,Financial support,No
118023957343.0,Female,35-44,PLAK,Fair,Work/job related stressors,Emotional intelligence,Financial constraints,,,,,Relationship Difficulties,,Anxiety and Depression,,Work life balance,Fear of the unknown,Anxiety,Feeling overwhelmed and isolated,,Financial issues,,,,,Yes,Maybe,No,Yes,Sometimes,Sometimes,Yes,Neutral,Yes,Sometimes,"Financial, Emotional ",Yes
118023957191.0,Female,25-34,PAUL,Excellent,,,,,Work Life Balance,,,,,,,,,,,,,,,Parenting,,No,No,No,No,No,No,No,Strongly disagree,No,No,parenting,No
118023952863.0,Female,25-34,PLAZ,Fair,,,Financial constraints,,,,,Relationship Difficulties,Unresolved Childhood Difficulties,,,,,Anxiety,Feeling overwhelmed and isolated,,,Relationship issues,,,,No,Maybe,No,Sometimes,Sometimes,Sometimes,Maybe,Neutral,No,Yes,Anxiety and Financial issues ,Yes
118023952782.0,Male,25-34,PLAZ,Good,Work/job related stressors,,Financial constraints,,Work Life Balance,,,Relationship Difficulties,,,,Work life balance,,,,,,,,,,No,No,No,Sometimes,No,No,Yes,Strongly disagree,No,Sometimes,Work Life Balance,No
118023678702.0,Male,25-34,PLAZ,Poor,Work/job related stressors,,Financial constraints,Trauma,,,Bereavement and Loss,Relationship Difficulties,Unresolved Childhood Difficulties,Anxiety and Depression,,,Fear of the unknown,Anxiety,,,Financial issues,Relationship issues,,Parenting,Coupled with suicidal thoughts,Yes,Yes,No,Sometimes,Yes,Yes,Yes,Strongly agree,Yes,Yes,Emotional well being and decision making child hood trauma forgiveness,Yes
118023307970.0,Female,25-34,PAUL,Excellent,Work/job related stressors,Emotional intelligence,Financial constraints,,Work Life Balance,,,Relationship Difficulties,,Anxiety and Depression,,Work life balance,,,,,Financial issues,,,,Hindrances to my career growth,No,Maybe,No,No,No,No,No,Strongly disagree,No,Sometimes,Career growth and increased finances,No
118023307436.0,Female,25-34,PAUL,Excellent,Work/job related stressors,Emotional intelligence,Financial constraints,,Work Life Balance,,,Relationship Difficulties,,Anxiety and Depression,,Work life balance,,,,,Financial issues,,,,Hindrance to my career growth,No,Maybe,No,No,No,No,No,Strongly disagree,No,Sometimes,Career growth and increased finances,No
118023295189.0,Female,45-54,PAUL,Good,,Emotional intelligence,,,Work Life Balance,,,,,,,Work life balance,,,,,,,,,,No,No,No,Yes,No,No,Maybe,Disagree,No,Yes,work-life balance,Yes
118022955186.0,Male,25-34,PLAK,Fair,Work/job related stressors,,,,,,,,,,,Work life balance,,Anxiety,,,,,,,,Yes,No,No,Sometimes,No,No,Maybe,Agree,No,Yes,Work life balance,No
118022726074.0,Female,25-34,PAUL,Fair,Work/job related stressors,,,,Work Life Balance,,,,,Anxiety and Depression,,Work life balance,Fear of the unknown,,,,,Relationship issues,,,,No,Yes,No,Sometimes,Sometimes,Sometimes,Yes,Disagree,No,Yes,all the ticked above,Yes
118022684042.0,Male,35-44,PAUL,Excellent,,,Financial constraints,,,,,,,,,,,,,,Financial issues,,,,,No,No,No,Sometimes,No,No,Yes,Strongly disagree,No,Sometimes,Financial wellbeing,No
118022285640.0,Male,25-34,PLAZ,Poor,Work/job related stressors,Emotional intelligence,Financial constraints,Trauma,Work Life Balance,Substance and Drug Dependence,,Relationship Difficulties,Unresolved Childhood Difficulties,Anxiety and Depression,,Work life balance,,Anxiety,Feeling overwhelmed and isolated,,Financial issues,Relationship issues,,,,Yes,Yes,No,Yes,No,No,Yes,Agree,No,Yes,Nil,No
118022283533.0,Male,35-44,PPMZ,Excellent,,,Financial constraints,,Work Life Balance,,,,,,,Work life balance,,,,,,,,,,No,No,No,No,No,,No,Strongly agree,No,No,Just work life balance will do,No
118022249800.0,Female,25-34,PLAZ,Poor,,,Financial constraints,Trauma,,Substance and Drug Dependence,Bereavement and Loss,Relationship Difficulties,Unresolved Childhood Difficulties,Anxiety and Depression,,,,,Feeling overwhelmed and isolated,,Financial issues,Relationship issues,,Parenting,,No,Yes,Yes,Yes,Yes,Sometimes,Yes,Agree,Yes,Yes,Shown above.,No
118022218456.0,Female,35-44,PAUL,Excellent,,,Financial constraints,,Work Life Balance,,,,,,,,,,,,,,,,,No,No,No,No,No,No,No,Strongly disagree,No,No,,No
118022145767.0,Female,25-34,PAUL,Good,,Emotional intelligence,,,,,,,,,,,Fear of the unknown,,,,,,,,,No,Maybe,No,No,Sometimes,Sometimes,Maybe,Strongly disagree,No,Sometimes,,No
118022104295.0,Male,25-34,PAUL,Excellent,,Emotional intelligence,,Trauma,Work Life Balance,,,Relationship Difficulties,,Anxiety and Depression,,Work life balance,,,,,Financial issues,,,,,No,No,No,Sometimes,No,No,No,Neutral,No,No,financial,No
118022092369.0,Female,25-34,PAUL,Poor,Work/job related stressors,,Financial constraints,,Work Life Balance,,,,,Anxiety and Depression,,Work life balance,Fear of the unknown,Anxiety,Feeling overwhelmed and isolated,,Financial issues,,,Parenting,,Yes,Maybe,No,Sometimes,Sometimes,Sometimes,Maybe,Neutral,No,Yes,,Yes
118022044267.0,Female,45-54,PLAZ,Fair,Work/job related stressors,,,,Work Life Balance,,,,,,,Work life balance,,Anxiety,,,,,,,,No,Maybe,No,Sometimes,Sometimes,Sometimes,Maybe,Neutral,No,Sometimes,Work balance ,No
118022033562.0,Female,35-44,PPMZ,Good,Work/job related stressors,Emotional intelligence,,,Work Life Balance,,,,,Anxiety and Depression,,Work life balance,,Anxiety,,,,,,,,Yes,No,Yes,Sometimes,No,No,No,Strongly disagree,No,Yes,Creating firm boundaries with respect to work life balance,No
118022027027.0,Male,35-44,PPMZ,Excellent,Work/job related stressors,,Financial constraints,,Work Life Balance,,Bereavement and Loss,,,Anxiety and Depression,,Work life balance,,Anxiety,,Fear of contracting Covid-19,,,Fear of losing my job,,,Yes,No,No,Sometimes,Sometimes,No,Maybe,Disagree,No,Sometimes,Staffing to have more manpower,No
118022023591.0,Male,35-44,PLAZ,Excellent,Work/job related stressors,Emotional intelligence,Financial constraints,,Work Life Balance,,,,,Anxiety and Depression,,Work life balance,,,Feeling overwhelmed and isolated,,Financial issues,,,,,No,Maybe,No,Sometimes,Sometimes,Sometimes,No,Disagree,No,Yes,Work life balance ,No
118022020141.0,Female,25-34,PLAZ,Fair,,,Financial constraints,,,,,Relationship Difficulties,,,,,,,,,Financial issues,,,Parenting,,No,Yes,Yes,Sometimes,Sometimes,No,No,Disagree,Yes,Sometimes,Finances ,Yes
118022003431.0,Female,45-54,PLAZ,Good,Work/job related stressors,,Financial constraints,,,,,,,,,,,,,,Financial issues,,,,,No,No,No,Sometimes,No,No,Maybe,Neutral,No,Sometimes,Financial related issues,Yes
118022003248.0,Male,35-44,PLAZ,Fair,Work/job related stressors,,,,Work Life Balance,,,,,Anxiety and Depression,"Balance , Work and School",Work life balance,,Anxiety,Feeling overwhelmed and isolated,,,,,,,Yes,No,No,Sometimes,No,No,No,Disagree,No,Sometimes,Work Life and School Balance,Yes
118021999349.0,Female,25-34,PLAZ,Poor,,,Financial constraints,Trauma,,Substance and Drug Dependence,Bereavement and Loss,Relationship Difficulties,Unresolved Childhood Difficulties,Anxiety and Depression,,,,,Feeling overwhelmed and isolated,,Financial issues,Relationship issues,,Parenting,,No,Yes,Yes,Yes,Yes,Sometimes,Yes,Agree,Yes,Yes,Shown above.,No
118021995487.0,Male,35-44,PLAZ,Good,Work/job related stressors,Emotional intelligence,Financial constraints,,Work Life Balance,,,,,,,Work life balance,,,Feeling overwhelmed and isolated,,,,,,,Yes,No,No,No,No,Yes,Yes,Disagree,No,Sometimes,Work Life Balance,No
118021993653.0,Male,25-34,PLAZ,Good,Work/job related stressors,Emotional intelligence,,,Work Life Balance,,,Relationship Difficulties,,Anxiety and Depression,,Work life balance,,,,,,,Fear of losing my job,,,No,No,No,Sometimes,Sometimes,Sometimes,Maybe,Disagree,No,Sometimes,Work life balance ,No
118021991938.0,Male,25-34,PAUL,Poor,Work/job related stressors,,Financial constraints,,Work Life Balance,,,,,,,Work life balance,,,,,Financial issues,,,,,Yes,Maybe,No,Yes,Sometimes,Yes,Yes,Agree,No,No,,No
118021991806.0,Female,25-34,PPMZ,Fair,,,Financial constraints,,,,,Relationship Difficulties,Unresolved Childhood Difficulties,,,,,,,,Financial issues,Relationship issues,,,,Yes,No,No,No,No,Yes,No,Strongly disagree,Yes,Yes,Emotional Support,Yes
118021990593.0,Male,45-54,PLAZ,Good,,,Financial constraints,,Work Life Balance,,,,,,,Work life balance,,,,,,,,,,No,No,No,No,No,No,No,Disagree,No,No,Investment strategies,Yes
118021989322.0,Male,18-24,PAUL,Fair,Work/job related stressors,,Financial constraints,,Work Life Balance,,,,,,,Work life balance,,,,,,,Fear of losing my job,,,No,Maybe,No,Sometimes,Sometimes,Sometimes,Yes,Agree,Yes,Yes,,
118021986352.0,Male,25-34,PAUL,Fair,Work/job related stressors,Emotional intelligence,Financial constraints,,,,,,Unresolved Childhood Difficulties,Anxiety and Depression,,Work life balance,Fear of the unknown,Anxiety,,,Financial issues,,,,,No,No,No,No,Sometimes,No,No,Strongly disagree,No,Sometimes,,No
118021984289.0,Male,25-34,PAUL,Good,,Emotional intelligence,,,Work Life Balance,,,,,Anxiety and Depression,,,,Anxiety,Feeling overwhelmed and isolated,,,Relationship issues,,,,No,Maybe,No,Sometimes,No,No,Maybe,Neutral,No,Sometimes,Financial support,No
118021982219.0,Female,25-34,PAUL,Good,,Emotional intelligence,Financial constraints,,Work Life Balance,,,,,Anxiety and Depression,,,Fear of the unknown,,,,Financial issues,,,,,No,No,Yes,No,Sometimes,,No,Strongly disagree,Yes,Sometimes,,No
118021977283.0,Male,35-44,PAUL,Good,Work/job related stressors,,Financial constraints,,,,,,,,,,,,Feeling overwhelmed and isolated,,Financial issues,,,,,Yes,Yes,No,Sometimes,Sometimes,Sometimes,Yes,Disagree,No,No,Devt Plans,No
118021970328.0,Female,35-44,PAUL,Fair,Work/job related stressors,Emotional intelligence,Financial constraints,,Work Life Balance,,Bereavement and Loss,Relationship Difficulties,,Anxiety and Depression,,Work life balance,Fear of the unknown,,Feeling overwhelmed and isolated,,Financial issues,Relationship issues,Fear of losing my job,Parenting,,Yes,Maybe,No,Sometimes,Sometimes,No,No,Strongly disagree,No,Sometimes,FINANCIAL AND HEALTH,No
118021965184.0,Female,45-54,PAUL,Excellent,Work/job related stressors,Emotional intelligence,Financial constraints,,Work Life Balance,,,,,Anxiety and Depression,,Work life balance,,Anxiety,,,Financial issues,,Fear of losing my job,,,No,Maybe,No,Sometimes,Sometimes,No,No,Strongly disagree,No,No,Managing Stress,No
118021964890.0,Male,25-34,PAUL,Fair,,,Financial constraints,,Work Life Balance,,,,,,,,,,,,Financial issues,,,,,Yes,Maybe,No,Sometimes,No,Sometimes,No,Neutral,No,Sometimes,financial,No
118021957035.0,Male,35-44,PLAZ,Excellent,,,,,Work Life Balance,Substance and Drug Dependence,,,,,,,,,,,,,,,,No,No,No,No,No,No,No,Strongly disagree,No,No,Nil,No
118021947847.0,Female,25-34,PAUL,Good,,Emotional intelligence,Financial constraints,,Work Life Balance,,,,,,,Work life balance,Fear of the unknown,,,,,,,,,No,No,No,No,Sometimes,No,No,Strongly disagree,No,Sometimes,,No
118021940522.0,Male,35-44,PLAZ,Good,,,Financial constraints,,Work Life Balance,,,,,Anxiety and Depression,,Work life balance,,,Feeling overwhelmed and isolated,,Financial issues,Relationship issues,,,,No,No,Yes,No,Sometimes,Sometimes,Yes,Strongly disagree,No,Sometimes,Financial Management,Yes
118021937691.0,Female,25-34,PLAZ,Good,,Emotional intelligence,Financial constraints,,Work Life Balance,,Bereavement and Loss,,Unresolved Childhood Difficulties,Anxiety and Depression,,Work life balance,,Anxiety,,,,Relationship issues,,,,Yes,Maybe,Yes,Yes,Sometimes,Sometimes,No,Disagree,No,No,,No
118021936035.0,Male,25-34,PLAZ,Excellent,,,,,Work Life Balance,,,,,,,Work life balance,,,,,,,,,,No,No,No,No,No,No,Maybe,Disagree,No,No,,No
118021933243.0,Female,25-34,PLAZ,Good,,Emotional intelligence,,,,,,,,,,,,,,,,,,Parenting,,No,No,No,No,No,No,No,Neutral,No,No,,No
118021932220.0,Female,35-44,PLAZ,Good,,,,,,,,,Unresolved Childhood Difficulties,,,,,Anxiety,,,,,,,,Yes,Maybe,No,No,No,No,No,Disagree,No,No,Self awareness ,Yes
118021930576.0,Male,25-34,PAUL,Good,Work/job related stressors,,Financial constraints,,,,,,,,,,Fear of the unknown,,,,,,,,,No,No,No,Sometimes,No,Sometimes,Maybe,Neutral,No,No,Having supervisors who are leaders not managers/dictators,No
118021928435.0,Male,25-34,PLAZ,Good,Work/job related stressors,Emotional intelligence,Financial constraints,Trauma,Work Life Balance,,Bereavement and Loss,,,Anxiety and Depression,,Work life balance,Fear of the unknown,Anxiety,Feeling overwhelmed and isolated,Fear of contracting Covid-19,Financial issues,,Fear of losing my job,,,Yes,Maybe,No,Sometimes,Sometimes,No,Maybe,Neutral,No,Sometimes,Emotional intelligence ,Yes
118021927346.0,Female,25-34,PLAZ,Good,Work/job related stressors,Emotional intelligence,Financial constraints,,Work Life Balance,,,,,,,Work life balance,,,,,Financial issues,,,,,Yes,No,No,No,Sometimes,No,No,Strongly disagree,No,Sometimes,"Financial planning and management, work, academics and personal business development",Yes
118021927176.0,Male,25-34,PAUL,Good,Work/job related stressors,Emotional intelligence,Financial constraints,,Work Life Balance,,,,Unresolved Childhood Difficulties,,,Work life balance,,,,,Financial issues,,,,,No,No,No,Yes,Sometimes,No,Yes,Strongly disagree,No,Sometimes,financial support,No
118021926896.0,Male,25-34,PLAZ,Good,Work/job related stressors,Emotional intelligence,Financial constraints,,Work Life Balance,,,,,,,,,,,,,,,Parenting,,No,No,No,Sometimes,No,No,No,Strongly disagree,No,Sometimes,,No
118021926773.0,Female,25-34,PLAZ,Good,Work/job related stressors,Emotional intelligence,Financial constraints,,Work Life Balance,,Bereavement and Loss,,,Anxiety and Depression,,Work life balance,Fear of the unknown,Anxiety,Feeling overwhelmed and isolated,,Financial issues,,,,,Yes,Maybe,Yes,Sometimes,Sometimes,No,Yes,Agree,No,Yes,"Dealing with loss, rejection, worklife balance and socialising",Yes
118021925902.0,Female,25-34,PLAZ,Good,,Emotional intelligence,,,,,,,,,,,,,,,,,,Parenting,,No,No,No,No,No,No,No,Neutral,No,No,Good parenting ,No
118021924759.0,Male,25-34,PLAZ,Good,Work/job related stressors,Emotional intelligence,Financial constraints,,Work Life Balance,,,Relationship Difficulties,,Anxiety and Depression,,Work life balance,Fear of the unknown,Anxiety,,,,Relationship issues,,,,No,Maybe,No,No,Sometimes,Sometimes,Maybe,Strongly disagree,No,Sometimes,Anxiety and focusing on things ,Yes
118021924677.0,Male,25-34,PLAZ,Excellent,Work/job related stressors,,Financial constraints,,Work Life Balance,,,,,Anxiety and Depression,,,,,,,Financial issues,,,,,No,No,No,Sometimes,Sometimes,No,No,Strongly disagree,No,No,Financial issues,No
118021924407.0,Female,35-44,PLAZ,Poor,Work/job related stressors,,Financial constraints,,Work Life Balance,,,,,,,Work life balance,,,,,,,,,,Yes,Maybe,No,Yes,Sometimes,Sometimes,Yes,Strongly disagree,No,Sometimes,Work balance ,Yes
118021923751.0,Male,25-34,PLAZ,Good,,Emotional intelligence,,,Work Life Balance,Substance and Drug Dependence,Bereavement and Loss,,Unresolved Childhood Difficulties,,,,,,,,Financial issues,,,,,No,No,No,No,No,No,No,Disagree,No,No,Financial education ,No
118021923325.0,Male,35-44,PLAZ,Good,Work/job related stressors,Emotional intelligence,Financial constraints,,Work Life Balance,,,,,Anxiety and Depression,,,,Anxiety,Feeling overwhelmed and isolated,,,,,,,Yes,Maybe,No,Sometimes,No,No,Maybe,Strongly disagree,No,Yes,,No
118021923313.0,Male,25-34,PAUL,Good,,Emotional intelligence,Financial constraints,,,,,,,Anxiety and Depression,,,,Anxiety,,,,,,Parenting,,Yes,Yes,No,Yes,Yes,No,No,Agree,Yes,Yes,,No
118021923229.0,Male,25-34,PLAZ,Fair,,,Financial constraints,,Work Life Balance,,,,,Anxiety and Depression,,Work life balance,,,,,Financial issues,,Fear of losing my job,,,Yes,No,No,Yes,No,Yes,Maybe,Neutral,No,Yes,FININCIAL,No
118021923219.0,Male,25-34,PAUL,Excellent,,Emotional intelligence,,,,,,,,,,,,,,,,,,,,No,No,No,No,No,No,Yes,Strongly disagree,No,No,Financial Support,Yes
118021923002.0,Male,35-44,PLAZ,Good,Work/job related stressors,Emotional intelligence,Financial constraints,,Work Life Balance,,Bereavement and Loss,,,Anxiety and Depression,,Work life balance,Fear of the unknown,,,,,,Fear of losing my job,,,No,No,No,No,Sometimes,No,No,Neutral,Yes,Sometimes,Emotional intelligence and stress management ,No
118021922644.0,Female,45-54,PLAZ,Fair,Work/job related stressors,Emotional intelligence,Financial constraints,,Work Life Balance,,,Relationship Difficulties,,Anxiety and Depression,,,Fear of the unknown,Anxiety,Feeling overwhelmed and isolated,Fear of contracting Covid-19,Financial issues,,,,,Yes,Maybe,No,Sometimes,Sometimes,No,Maybe,Disagree,Yes,Sometimes,Anxiety,Yes
118021922514.0,Male,35-44,PLAZ,Poor,,,,,Work Life Balance,,,,,,,,,,Feeling overwhelmed and isolated,,,,,,,Yes,Maybe,No,Yes,Yes,Yes,Yes,Strongly disagree,No,Sometimes,Work life balance,No
118021922457.0,Female,45-54,PLAZ,Fair,Work/job related stressors,Emotional intelligence,Financial constraints,,Work Life Balance,,,Relationship Difficulties,,Anxiety and Depression,,,Fear of the unknown,Anxiety,Feeling overwhelmed and isolated,Fear of contracting Covid-19,Financial issues,,,,,Yes,Maybe,No,Sometimes,Sometimes,No,Maybe,Disagree,Yes,Sometimes,Anxiety,Yes
118021922178.0,Male,25-34,PLAZ,Good,,Emotional intelligence,,,Work Life Balance,,,,,,,Work life balance,,,Feeling overwhelmed and isolated,,,,,,,No,No,No,No,No,Yes,Yes,Disagree,No,No,Mind,No
118021921753.0,Female,25-34,PAUL,Good,,,Financial constraints,,,,,Relationship Difficulties,,,,,,,,,Financial issues,,,Parenting,,Yes,No,No,No,Sometimes,Sometimes,Maybe,Disagree,Yes,Sometimes,Financial,No
118021921428.0,Female,25-34,PLAZ,Excellent,,Emotional intelligence,,Trauma,Work Life Balance,,Bereavement and Loss,Relationship Difficulties,,Anxiety and Depression,,,Fear of the unknown,Anxiety,Feeling overwhelmed and isolated,,,Relationship issues,Fear of losing my job,,,Yes,No,Yes,No,No,No,Yes,Neutral,No,No,"Grief Loss , Anxiety, Fear of the unknown ",Yes
118021921173.0,Female,25-34,PLAZ,Good,Work/job related stressors,Emotional intelligence,Financial constraints,,Work Life Balance,,,,,Anxiety and Depression,,,,Anxiety,,,,,,,,No,No,No,Sometimes,No,Sometimes,No,Disagree,No,No,Interpersonal relationships ,No
118021920406.0,Female,25-34,PAUL,Good,Work/job related stressors,Emotional intelligence,Financial constraints,,Work Life Balance,,,,,,,Work life balance,Fear of the unknown,,Feeling overwhelmed and isolated,,Financial issues,,,,,Yes,Maybe,Yes,Sometimes,Sometimes,No,Yes,Disagree,No,Sometimes,"work life balance, emotional intelligence, financial issues",No
118021919904.0,Female,35-44,PLAZ,Fair,Work/job related stressors,Emotional intelligence,Financial constraints,,Work Life Balance,,,,,,,Work life balance,,,,,Financial issues,,,,,Yes,No,No,Sometimes,Sometimes,No,No,Disagree,No,Sometimes,Stress management ,No
118021919555.0,Female,25-34,PLAZ,Good,Work/job related stressors,Emotional intelligence,Financial constraints,,Work Life Balance,,,Relationship Difficulties,,Anxiety and Depression,,,Fear of the unknown,,,,,,,,,No,No,No,Sometimes,Sometimes,No,No,Agree,No,Sometimes,Life,No
118021918840.0,Female,25-34,PAUL,Good,,,Financial constraints,,,,,,,,,,Fear of the unknown,,,,,,,,,No,No,No,Sometimes,Sometimes,No,Maybe,Disagree,No,Sometimes,Developing more as a person,No
118021918770.0,Male,35-44,PLAZ,Good,Work/job related stressors,,Financial constraints,,Work Life Balance,,,,,Anxiety and Depression,,Work life balance,,,Feeling overwhelmed and isolated,,,,,,,Yes,No,No,Sometimes,No,No,Maybe,Neutral,No,Sometimes,,No
118021918678.0,Female,25-34,PAUL,Poor,Work/job related stressors,Emotional intelligence,Financial constraints,,Work Life Balance,,,,Unresolved Childhood Difficulties,Anxiety and Depression,,Work life balance,Fear of the unknown,Anxiety,Feeling overwhelmed and isolated,,Financial issues,,,Parenting,,Yes,Yes,Yes,Sometimes,Yes,Sometimes,Yes,Disagree,No,Sometimes,Emotional well being and how to handle stress and fear of the un known,Yes
118021918010.0,Female,25-34,PLAZ,Fair,Work/job related stressors,,,,Work Life Balance,,,Relationship Difficulties,,,,Work life balance,Fear of the unknown,,,,,Relationship issues,,Parenting,,Yes,Maybe,No,Sometimes,Sometimes,Sometimes,Maybe,Disagree,No,Sometimes,,No
118021916624.0,Female,25-34,PAUL,Good,Work/job related stressors,Emotional intelligence,Financial constraints,,Work Life Balance,Substance and Drug Dependence,Bereavement and Loss,Relationship Difficulties,Unresolved Childhood Difficulties,Anxiety and Depression,,Work life balance,,,,,Financial issues,,,Parenting,,No,Maybe,No,Sometimes,Sometimes,No,Yes,Strongly disagree,No,Sometimes,Mentorship,Yes
118021916514.0,Male,25-34,PLAZ,Fair,,,,,,,,,,Anxiety and Depression,,,,,,,,Relationship issues,,,,No,No,No,No,No,No,No,Strongly disagree,No,Sometimes,,No
118021915921.0,Male,25-34,PAUL,Good,Work/job related stressors,Emotional intelligence,,,Work Life Balance,,,Relationship Difficulties,,,,Work life balance,Fear of the unknown,,,,,,,,,Yes,No,No,No,No,No,Yes,Strongly disagree,No,Sometimes,Work life balance,No
118021915227.0,Female,25-34,PAUL,Fair,,,,,Work Life Balance,,,,,Anxiety and Depression,,,Fear of the unknown,Anxiety,,,,,,,,Yes,No,No,Sometimes,Sometimes,Sometimes,Maybe,Disagree,No,Sometimes,,No
118021911706.0,Male,25-34,PAUL,Good,,,,,Work Life Balance,,,,,Anxiety and Depression,,,,,,,Financial issues,,,,,No,Maybe,No,Sometimes,Sometimes,No,No,Disagree,No,Sometimes,,No
118021909978.0,Male,25-34,PPMZ,Fair,Work/job related stressors,Emotional intelligence,,,Work Life Balance,,,,,,,Work life balance,Fear of the unknown,,Feeling overwhelmed and isolated,,,,,,,No,No,No,Sometimes,Yes,Sometimes,No,Disagree,No,Yes,Decision Making,Yes
118021905739.0,Female,35-44,PLAZ,Good,Work/job related stressors,Emotional intelligence,Financial constraints,Trauma,Work Life Balance,,Bereavement and Loss,Relationship Difficulties,Unresolved Childhood Difficulties,Anxiety and Depression,,Work life balance,,,,,Financial issues,,,,,No,No,No,Sometimes,Sometimes,Sometimes,No,Disagree,No,Sometimes,work life blend,No
118021904794.0,Male,35-44,PLAZ,Good,Work/job related stressors,,Financial constraints,,Work Life Balance,,,,,Anxiety and Depression,,Work life balance,,,Feeling overwhelmed and isolated,,,,,Parenting,,No,No,No,Sometimes,Sometimes,No,No,Disagree,No,Sometimes,Balancing my time to do things i like away from work related things,No
118021903437.0,Male,25-34,PLAZ,Good,Work/job related stressors,Emotional intelligence,,,Work Life Balance,,,,,Anxiety and Depression,,Work life balance,,Anxiety,,,,Relationship issues,,Parenting,,No,Maybe,No,Sometimes,Sometimes,No,Maybe,Disagree,No,Sometimes,Helping teams vote through difficult times ,No
118021897223.0,Female,35-44,PLAZ,Fair,Work/job related stressors,Emotional intelligence,Financial constraints,,Work Life Balance,,,Relationship Difficulties,,,,Work life balance,,,Feeling overwhelmed and isolated,,Financial issues,Relationship issues,,Parenting,,Yes,Maybe,Yes,No,,Sometimes,Maybe,Disagree,No,Yes,Work life balance,Yes
118021602596.0,Male,35-44,PASL,Fair,Work/job related stressors,Emotional intelligence,,,,,,,,Anxiety and Depression,,,,Anxiety,Feeling overwhelmed and isolated,,,,,,,Yes,No,No,Yes,No,No,Yes,Disagree,No,Yes,Sleep and anxiety ,No
118021547213.0,Male,35-44,PASL,Fair,Work/job related stressors,,,,Work Life Balance,,,,,,,Work life balance,,,Feeling overwhelmed and isolated,,,,,,,Yes,Maybe,No,No,No,No,No,Strongly disagree,No,No,,Yes
118021535395.0,Male,35-44,PASL,Excellent,Work/job related stressors,,,,Work Life Balance,,Bereavement and Loss,,,,,,Fear of the unknown,,,,,,,,,No,No,No,No,No,No,No,Strongly disagree,No,No,,No
118021511114.0,Male,35-44,PASL,Fair,Work/job related stressors,,,,Work Life Balance,,,,Unresolved Childhood Difficulties,Anxiety and Depression,,Work life balance,,Anxiety,Feeling overwhelmed and isolated,,,,,,,Yes,Maybe,No,Sometimes,Sometimes,No,Yes,Neutral,No,No,Managing stress,No
118021314306.0,Female,35-44,PASL,Excellent,Work/job related stressors,,,,,,,,,,,,Fear of the unknown,,,,,,,,,Yes,No,No,Sometimes,No,No,No,Strongly disagree,No,Sometimes,,No
118021313866.0,Male,35-44,PASL,Excellent,Work/job related stressors,,Financial constraints,Trauma,,,,Relationship Difficulties,,Anxiety and Depression,,,Fear of the unknown,,Feeling overwhelmed and isolated,Fear of contracting Covid-19,,,,,,Yes,No,No,No,Sometimes,No,Yes,Neutral,No,Sometimes,,No
118021312240.0,Male,35-44,PASL,Excellent,Work/job related stressors,Emotional intelligence,Financial constraints,Trauma,Work Life Balance,Substance and Drug Dependence,Bereavement and Loss,Relationship Difficulties,,Anxiety and Depression,,Work life balance,Fear of the unknown,Anxiety,Feeling overwhelmed and isolated,Fear of contracting Covid-19,Financial issues,,Fear of losing my job,,,Yes,Maybe,No,Sometimes,No,Sometimes,Maybe,Strongly disagree,No,Sometimes,Work life balance,No
118021308693.0,Male,35-44,PASL,Fair,Work/job related stressors,,,,Work Life Balance,,,,,,,Work life balance,,,Feeling overwhelmed and isolated,,,,,,,Yes,Maybe,No,No,No,No,No,Strongly disagree,No,No,,Yes
118021240753.0,Female,25-34,PAUL,Very Poor,,,Financial constraints,,Work Life Balance,,,Relationship Difficulties,,Anxiety and Depression,,,,Anxiety,,,Financial issues,Relationship issues,,,,Yes,Yes,Yes,Yes,Yes,Yes,Yes,Agree,Yes,Yes,Financial Support,Yes
118021226193.0,Male,45-54,PLAK,Good,Work/job related stressors,,,,Work Life Balance,,,,,,,Work life balance,,,,,,,,,,Yes,No,No,Sometimes,No,Sometimes,No,Disagree,No,Sometimes,Job related stress,No
118021209494.0,Male,25-34,PAUL,Good,,Emotional intelligence,,,Work Life Balance,,,,,Anxiety and Depression,,Work life balance,Fear of the unknown,,,,Financial issues,,,,,No,No,No,No,No,Yes,No,Strongly agree,No,No,,No
118021179335.0,Male,25-34,PAUL,Good,,,Financial constraints,,,,,,,,,,,,,,Financial issues,,,,,Yes,No,No,Sometimes,No,No,No,Disagree,No,Sometimes,Financial Areas,Yes
118021116108.0,Female,35-44,PAUL,Good,Work/job related stressors,Emotional intelligence,Financial constraints,,Work Life Balance,,,,,,,Work life balance,,,,Fear of contracting Covid-19,Financial issues,,Fear of losing my job,Parenting,,Yes,No,No,Sometimes,Sometimes,Sometimes,No,Strongly disagree,No,Sometimes,I want salary increament,No
118021112420.0,Female,35-44,PAUL,Good,Work/job related stressors,Emotional intelligence,Financial constraints,,Work Life Balance,,,,,,,Work life balance,,,,Fear of contracting Covid-19,Financial issues,,Fear of losing my job,Parenting,,Yes,No,No,Sometimes,Sometimes,Sometimes,No,Strongly disagree,No,Sometimes,I want salary increament,No
118021101643.0,Female,25-34,PAUL,Fair,Work/job related stressors,Emotional intelligence,Financial constraints,Trauma,Work Life Balance,,,,,Anxiety and Depression,,Work life balance,Fear of the unknown,Anxiety,Feeling overwhelmed and isolated,Fear of contracting Covid-19,Financial issues,Relationship issues,Fear of losing my job,Parenting,,Yes,Maybe,No,Yes,Sometimes,Sometimes,Yes,Neutral,No,Yes,Work life balance,Yes
118021093722.0,Male,35-44,PASL,Fair,Work/job related stressors,Emotional intelligence,Financial constraints,,Work Life Balance,,,,,Anxiety and Depression,Chronic illness of a loved one,Work life balance,,,Feeling overwhelmed and isolated,,Financial issues,,Fear of losing my job,,,Yes,Yes,No,Yes,Sometimes,No,Yes,Disagree,No,Sometimes,Coping mechanisms,No
118021091341.0,Female,25-34,PLAZ,Poor,Work/job related stressors,Emotional intelligence,Financial constraints,,Work Life Balance,,,,,Anxiety and Depression,,Work life balance,Fear of the unknown,,Feeling overwhelmed and isolated,,Financial issues,,,,,Yes,Yes,Yes,Sometimes,Yes,Sometimes,Yes,Strongly agree,No,Yes,,Yes
118021080001.0,Male,25-34,PLAK,Good,Work/job related stressors,Emotional intelligence,Financial constraints,,,,,,,,,,,Anxiety,,,Financial issues,,,,,Yes,Maybe,No,Sometimes,Sometimes,Sometimes,Yes,Disagree,No,No,EMOTIONAL INTELLIGENCE,No
118021050309.0,Female,25-34,PAUL,Poor,Work/job related stressors,Emotional intelligence,Financial constraints,,Work Life Balance,,,Relationship Difficulties,,Anxiety and Depression,,Work life balance,,Anxiety,Feeling overwhelmed and isolated,,Financial issues,,Fear of losing my job,,,Yes,Yes,Yes,Sometimes,Sometimes,Sometimes,Yes,Neutral,No,Sometimes,Mind order/Habit creation(having a proper life routine that will help me go on with my life.),Yes
118021048196.0,Female,25-34,PAUL,Good,Work/job related stressors,Emotional intelligence,Financial constraints,,,,,,,,,,,,,,Financial issues,,,,,No,Yes,Yes,Sometimes,Yes,Sometimes,No,Neutral,Yes,Sometimes,Financial skills ,No
118021037354.0,Female,25-34,PAUL,Good,Work/job related stressors,Emotional intelligence,Financial constraints,Trauma,Work Life Balance,Substance and Drug Dependence,Bereavement and Loss,Relationship Difficulties,Unresolved Childhood Difficulties,Anxiety and Depression,,Work life balance,Fear of the unknown,Anxiety,Feeling overwhelmed and isolated,Fear of contracting Covid-19,Financial issues,Relationship issues,Fear of losing my job,Parenting,,No,Maybe,No,Sometimes,Sometimes,Sometimes,Maybe,Strongly disagree,No,Sometimes,BAD BOSSES,Yes
118021037055.0,Male,45-54,PAUL,Good,Work/job related stressors,Emotional intelligence,Financial constraints,,Work Life Balance,,,,,Anxiety and Depression,,Work life balance,,,,,,,,,,No,No,No,Sometimes,Sometimes,No,No,Strongly disagree,No,Sometimes,"Managing work, there can be so much to do most times",No
118021035314.0,Female,25-34,PAUL,Good,,,,,,,,Relationship Difficulties,,,,,,,,,Financial issues,,,Parenting,,No,Yes,No,No,No,Sometimes,Yes,Disagree,No,Sometimes,Finacial issue,Yes
118021032576.0,Male,25-34,PAUL,Fair,,,Financial constraints,,Work Life Balance,,,Relationship Difficulties,Unresolved Childhood Difficulties,,,,,,Feeling overwhelmed and isolated,,Financial issues,Relationship issues,,,,Yes,Yes,No,Yes,Yes,Yes,Yes,Agree,No,Yes,Financial,No
118021031893.0,Female,25-34,PAUL,Good,Work/job related stressors,Emotional intelligence,Financial constraints,,Work Life Balance,,,,,,,Work life balance,,,,,Financial issues,,,,,No,Maybe,No,Sometimes,Sometimes,Sometimes,No,Strongly disagree,No,No,Finances,No
118021031636.0,Female,25-34,PAUL,Good,,,,,,,,Relationship Difficulties,,,,,,,,,Financial issues,,,Parenting,,No,Yes,No,No,No,Sometimes,Yes,Disagree,No,Sometimes,Finacial issue,Yes
118021031284.0,Male,25-34,PAUL,Good,,,Financial constraints,,Work Life Balance,,,,,,,Work life balance,,,,,,,,,,No,No,No,Yes,Sometimes,Yes,Yes,Disagree,No,Sometimes,,No
118021031122.0,Male,25-34,PAUL,Good,,,Financial constraints,,Work Life Balance,,,,,,,Work life balance,,,,,,,,,,No,No,No,Yes,Sometimes,Yes,Yes,Disagree,No,Sometimes,Work-Life balance,No
118021030059.0,Male,25-34,PAUL,Good,,,Financial constraints,,Work Life Balance,,,,,,,Work life balance,,,,,,,,,,No,Maybe,No,Sometimes,No,No,Yes,Disagree,No,Sometimes,Work-Life balance,No
118021027025.0,Male,25-34,PAUL,Good,,,,,Work Life Balance,,,,,,,Work life balance,Fear of the unknown,,,,,,,,,Yes,Maybe,No,Yes,Yes,Sometimes,Yes,Strongly disagree,No,Sometimes,work life balance ,No
118021022735.0,Female,25-34,PAUL,Good,,Emotional intelligence,Financial constraints,,,,,Relationship Difficulties,,Anxiety and Depression,Marriage,,,Anxiety,Feeling overwhelmed and isolated,,,,Fear of losing my job,,self esteem,No,Yes,Yes,No,No,No,Yes,Strongly disagree,No,No,self esteem,Yes
118021022622.0,Male,25-34,PAUL,Fair,,,,,,,,,,,,,,Anxiety,,,,,,,,Yes,No,No,No,No,No,Yes,Agree,No,Sometimes,,No
118021022614.0,Male,25-34,PAUL,Very Poor,Work/job related stressors,Emotional intelligence,Financial constraints,,Work Life Balance,,,Relationship Difficulties,,Anxiety and Depression,,,,,,,Financial issues,,,,,Yes,Maybe,No,Yes,No,Yes,Yes,Agree,No,Yes,How to manage my expectations,Yes
118021019366.0,Female,25-34,PAUL,Excellent,Work/job related stressors,,Financial constraints,,Work Life Balance,,,Relationship Difficulties,,,,,,Anxiety,,,Financial issues,Relationship issues,,,,No,No,No,Sometimes,Sometimes,Sometimes,No,Agree,,Sometimes,financial literacy,No
118021019338.0,Male,35-44,PAUL,Good,,,Financial constraints,,,,,,,,,,,,,,Financial issues,,,,,No,No,No,No,No,No,No,Disagree,No,No,"Support on how i can control to not get diseases such as Hypertension, Diabetes. generally how to keep healthy",Yes
118021019195.0,Female,25-34,PAUL,Good,Work/job related stressors,Emotional intelligence,Financial constraints,,Work Life Balance,,,Relationship Difficulties,,Anxiety and Depression,,Work life balance,Fear of the unknown,,Feeling overwhelmed and isolated,,,Relationship issues,,,,No,No,No,Sometimes,Sometimes,No,Yes,Disagree,No,Sometimes,Stress management,No
118021007663.0,Female,18-24,PLAK,Good,,Emotional intelligence,,,,,Bereavement and Loss,,Unresolved Childhood Difficulties,Anxiety and Depression,,,Fear of the unknown,Anxiety,Feeling overwhelmed and isolated,,,,,,,No,Maybe,No,No,No,Sometimes,No,Disagree,No,No,,Yes
118020992958.0,Male,25-34,PAUL,Good,Work/job related stressors,Emotional intelligence,Financial constraints,,Work Life Balance,,,,,Anxiety and Depression,"As a supervior/manager, how do I Support Employees with mental issues.. How to deal with a difficult manager/supervisor",Work life balance,,Anxiety,,,Financial issues,,Fear of losing my job,,Failures for other to understand my psychological stress.. How to deal with a difficult manager/supervisor,No,Maybe,No,Yes,Yes,Sometimes,Yes,Strongly disagree,No,Sometimes,Dealing with stressing manager/supervisor... Work/Life Balance,Yes
118020911998.0,Male,35-44,PAUL,Fair,,,,,Work Life Balance,,,,,,,,,,Feeling overwhelmed and isolated,,,,,,,Yes,Maybe,No,Sometimes,Sometimes,No,No,Disagree,No,No,Work life Balance,No
118020710929.0,Male,35-44,PLAK,Very Poor,Work/job related stressors,Emotional intelligence,,,Work Life Balance,,,,,Anxiety and Depression,,Work life balance,,Anxiety,Feeling overwhelmed and isolated,,,Relationship issues,,,,Yes,Yes,Yes,Yes,Yes,Yes,Yes,Strongly agree,No,Yes,Managing stress and anxiety,Yes
118020679950.0,Male,45-54,PLAZ,Good,Work/job related stressors,Emotional intelligence,Financial constraints,Trauma,Work Life Balance,Substance and Drug Dependence,Bereavement and Loss,Relationship Difficulties,Unresolved Childhood Difficulties,Anxiety and Depression,,Work life balance,,,Feeling overwhelmed and isolated,,Financial issues,Relationship issues,Fear of losing my job,Parenting,,Yes,No,No,Sometimes,No,No,No,Strongly disagree,No,No,Financials and work related stressors,Yes
118020667847.0,Female,25-34,PLAK,,,,,,,,,,,,,,,,,,,,,,,,,,,,,,,,,Work life balance,
118020661773.0,Male,35-44,PLAZ,Fair,Work/job related stressors,Emotional intelligence,Financial constraints,Trauma,Work Life Balance,Substance and Drug Dependence,Bereavement and Loss,Relationship Difficulties,Unresolved Childhood Difficulties,Anxiety and Depression,hiv,,Fear of the unknown,Anxiety,,,Financial issues,,Fear of losing my job,Parenting,,Yes,Maybe,No,Sometimes,Sometimes,No,Yes,Neutral,Yes,Yes,financial stress managemnt,No
118020655353.0,Female,25-34,PLAK,Good,Work/job related stressors,Emotional intelligence,Financial constraints,,Work Life Balance,,Bereavement and Loss,,,Anxiety and Depression,Physical fitness,Work life balance,Fear of the unknown,Anxiety,Feeling overwhelmed and isolated,Fear of contracting Covid-19,Financial issues,,,Parenting,,Yes,No,No,No,No,No,No,Disagree,No,Sometimes,Fitness centre sponsorship,No
118020638130.0,Female,25-34,PLAZ,Good,Work/job related stressors,Emotional intelligence,,,,,,,,,,Work life balance,,Anxiety,Feeling overwhelmed and isolated,,Financial issues,Relationship issues,,,,Yes,No,No,Sometimes,No,No,No,Disagree,No,Sometimes,,No
118020604249.0,Female,35-44,PLAK,Good,Work/job related stressors,,,,Work Life Balance,,,,,Anxiety and Depression,,Work life balance,Fear of the unknown,Anxiety,,,,,,,,Yes,No,No,No,No,Yes,No,Disagree,No,Sometimes,Work load is sometimes overwhelming ,No
118020581895.0,Male,25-34,PAUL,Good,Work/job related stressors,Emotional intelligence,Financial constraints,,Work Life Balance,,,,,,,Work life balance,,,,,Financial issues,,,Parenting,,Yes,Maybe,No,Sometimes,Sometimes,Sometimes,Yes,Neutral,No,Sometimes,,Yes
118020580676.0,Male,25-34,PLAK,Good,,,Financial constraints,,Work Life Balance,,,,,,,Work life balance,,,Feeling overwhelmed and isolated,,Financial issues,,,,,Yes,No,No,Sometimes,Sometimes,No,No,Disagree,No,Sometimes,Stress management ,No
118020578409.0,Female,45-54,PLAK,Good,,,Financial constraints,,,,,,Unresolved Childhood Difficulties,,,,,,,,Financial issues,,,,,No,Yes,No,Sometimes,Sometimes,No,Yes,Disagree,No,Sometimes,,Yes
118020575946.0,Male,25-34,PAUL,Fair,Work/job related stressors,,,,,,,,,,,,,,Feeling overwhelmed and isolated,,,,,,,No,Maybe,No,Sometimes,Sometimes,Sometimes,Maybe,Disagree,No,Sometimes,"More rest required, increased capacity to the team.",No
118020574419.0,Female,35-44,PLAK,Poor,,,Financial constraints,,Work Life Balance,,,,,,,,Fear of the unknown,,,,,,Fear of losing my job,,,Yes,Maybe,Yes,Yes,Yes,Sometimes,Yes,Neutral,No,Sometimes,work life balance,Yes
118020554040.0,Female,35-44,PLAK,Good,Work/job related stressors,,,,,,,Relationship Difficulties,,Anxiety and Depression,,,,Anxiety,,,,,Fear of losing my job,,,Yes,Maybe,No,Sometimes,Sometimes,No,Maybe,Neutral,No,Sometimes,time management,Yes
118020550958.0,Female,35-44,PLAK,Very Poor,Work/job related stressors,Emotional intelligence,Financial constraints,Trauma,Work Life Balance,Substance and Drug Dependence,Bereavement and Loss,Relationship Difficulties,Unresolved Childhood Difficulties,Anxiety and Depression,,Work life balance,,Anxiety,Feeling overwhelmed and isolated,,Financial issues,,,,,Yes,Maybe,No,Yes,Yes,Yes,Yes,Neutral,Yes,Yes,,No
118020533546.0,Female,35-44,PLAK,Fair,Work/job related stressors,,Financial constraints,,Work Life Balance,,Bereavement and Loss,,,Anxiety and Depression,,Work life balance,Fear of the unknown,,,,Financial issues,,,,,No,Maybe,No,Sometimes,Sometimes,Sometimes,Maybe,Disagree,No,Sometimes,Work balance ,No
118020532024.0,Female,35-44,PLAK,Fair,Work/job related stressors,,Financial constraints,,Work Life Balance,,Bereavement and Loss,,,Anxiety and Depression,,Work life balance,Fear of the unknown,,,,Financial issues,,,,,No,Maybe,No,Sometimes,Sometimes,Sometimes,Maybe,Disagree,No,Sometimes,Work balance ,No
118020496111.0,Female,45-54,PLAK,Poor,Work/job related stressors,,,,Work Life Balance,,Bereavement and Loss,Relationship Difficulties,,Anxiety and Depression,,Work life balance,,Anxiety,Feeling overwhelmed and isolated,,,,Fear of losing my job,Parenting,,Yes,Maybe,No,Sometimes,Sometimes,Sometimes,No,Disagree,No,Yes,Sleep,Yes
118020492013.0,Female,25-34,PLAK,Good,Work/job related stressors,Emotional intelligence,,,Work Life Balance,,,Relationship Difficulties,,Anxiety and Depression,,Work life balance,Fear of the unknown,Anxiety,Feeling overwhelmed and isolated,,Financial issues,Relationship issues,,,,Yes,Yes,No,Sometimes,Sometimes,No,No,Disagree,No,Sometimes,"Anxiety, fear of the unknown, and stress maintenance ",Yes
118020490102.0,Female,25-34,PLAK,Poor,Work/job related stressors,,Financial constraints,,Work Life Balance,,Bereavement and Loss,Relationship Difficulties,Unresolved Childhood Difficulties,Anxiety and Depression,,Work life balance,,Anxiety,,,Financial issues,Relationship issues,,,,Yes,Maybe,Yes,Sometimes,Sometimes,Sometimes,Maybe,Agree,No,Yes,Relationship loss,Yes
118020457815.0,Male,25-34,PLAK,Poor,Work/job related stressors,Emotional intelligence,,,Work Life Balance,,,,,,,Work life balance,Fear of the unknown,,,,,,,,,Yes,Maybe,No,Sometimes,Yes,Sometimes,Yes,Agree,No,Sometimes,Emotional Intelligence & Work-Life Balance,Yes
118020456199.0,Female,55-64,PLAK,Good,Work/job related stressors,Emotional intelligence,Financial constraints,,Work Life Balance,,,,,,,Work life balance,,,,,Financial issues,,,,,No,No,No,Sometimes,No,Sometimes,No,Disagree,No,No,,No
118020427139.0,Male,25-34,PLAK,Good,,,,Trauma,Work Life Balance,,,Relationship Difficulties,,,,Work life balance,,Anxiety,Feeling overwhelmed and isolated,,,,,,,Yes,No,No,Yes,Sometimes,Sometimes,Maybe,Agree,No,Sometimes,Work/ Life Balance,No
118020392145.0,Female,35-44,PLAK,Fair,Work/job related stressors,Emotional intelligence,,,Work Life Balance,,,,,Anxiety and Depression,,Work life balance,,Anxiety,,,,,Fear of losing my job,,,Yes,Maybe,No,Sometimes,Sometimes,Sometimes,Yes,Neutral,No,Yes,Job security and work life balance,No
118020378691.0,Female,35-44,PLAK,Good,Work/job related stressors,Emotional intelligence,,Trauma,Work Life Balance,,Bereavement and Loss,,,Anxiety and Depression,,,Fear of the unknown,Anxiety,,,,,,Parenting,,Yes,No,Yes,No,No,No,No,Strongly disagree,No,Sometimes,Longer maternity leave 😊,No
118020365246.0,Female,25-34,PLAZ,Fair,,,,,,,,,,Anxiety and Depression,,,,Anxiety,,,,,,,,Yes,Maybe,No,Sometimes,Sometimes,No,Yes,Disagree,No,No,working on my anxiety,No
118020365207.0,Male,25-34,PAUL,Fair,Work/job related stressors,Emotional intelligence,Financial constraints,Trauma,Work Life Balance,Substance and Drug Dependence,Bereavement and Loss,Relationship Difficulties,Unresolved Childhood Difficulties,Anxiety and Depression,,Work life balance,Fear of the unknown,,Feeling overwhelmed and isolated,,,,,,,Yes,Yes,No,No,No,No,Yes,Disagree,No,No,Work life balance,No
118020358817.0,Female,25-34,PAUL,Good,Work/job related stressors,Emotional intelligence,Financial constraints,Trauma,Work Life Balance,Substance and Drug Dependence,Bereavement and Loss,Relationship Difficulties,Unresolved Childhood Difficulties,Anxiety and Depression,,Work life balance,Fear of the unknown,Anxiety,Feeling overwhelmed and isolated,Fear of contracting Covid-19,Financial issues,Relationship issues,Fear of losing my job,Parenting,,No,No,No,No,Sometimes,,Yes,Strongly disagree,No,Sometimes,decision making,Yes
118020352515.0,Male,35-44,PAUL,Good,,Emotional intelligence,Financial constraints,,,,,,,,,Work life balance,,,,,Financial issues,,,,,No,No,No,Sometimes,Sometimes,Sometimes,No,Disagree,No,Sometimes,operational policies,No
118020348797.0,Male,25-34,PPMZ,Fair,Work/job related stressors,Emotional intelligence,,,Work Life Balance,,,,,Anxiety and Depression,,,Fear of the unknown,Anxiety,,,Financial issues,,Fear of losing my job,,,Yes,Maybe,No,Sometimes,Sometimes,Yes,Maybe,Disagree,Yes,Sometimes,I don't have anything at the moment ,No
118020339531.0,Male,25-34,PLAZ,Good,,Emotional intelligence,Financial constraints,,Work Life Balance,,,Relationship Difficulties,,Anxiety and Depression,,,,,,,Financial issues,,,,,Yes,Maybe,No,Yes,Sometimes,Sometimes,Maybe,Strongly disagree,No,Sometimes,FINANCES,No
118020337672.0,Female,25-34,PLAZ,Good,Work/job related stressors,Emotional intelligence,Financial constraints,Trauma,Work Life Balance,Substance and Drug Dependence,Bereavement and Loss,Relationship Difficulties,Unresolved Childhood Difficulties,Anxiety and Depression,,Work life balance,Fear of the unknown,,,,,,,,,Yes,No,No,No,Yes,No,Yes,Neutral,No,Sometimes,Decision making,No
118020336880.0,Male,35-44,PAUL,Good,,,Financial constraints,,,,,,,,,,,,,,Financial issues,,,,,No,No,No,No,No,No,No,Disagree,No,No,"Support on how i can control to not get diseases such as Hypertension, Diabetes. generally how to keep healthy",Yes
118020333935.0,Female,35-44,PAUL,Fair,Work/job related stressors,Emotional intelligence,,,Work Life Balance,,,,,Anxiety and Depression,,Work life balance,Fear of the unknown,,Feeling overwhelmed and isolated,,,,,,,Yes,Yes,No,Yes,Yes,Yes,Yes,Strongly agree,No,Yes,,Yes
118020329829.0,Female,35-44,PAUL,Fair,Work/job related stressors,,Financial constraints,,Work Life Balance,,,,Unresolved Childhood Difficulties,Anxiety and Depression,,Work life balance,,,Feeling overwhelmed and isolated,,Financial issues,,,,,No,Maybe,No,Yes,Sometimes,Sometimes,Yes,Agree,No,Yes,Financial management,No
118020326188.0,Female,25-34,PAUL,Fair,Work/job related stressors,,Financial constraints,,,,,,,,,Work life balance,,,,,Financial issues,,,,,Yes,Yes,No,Yes,Sometimes,Sometimes,Yes,Strongly agree,,Yes,I do not have a definite answer,No
118020315090.0,Female,35-44,PAUL,Excellent,Work/job related stressors,Emotional intelligence,Financial constraints,,Work Life Balance,,,Relationship Difficulties,,Anxiety and Depression,,,Fear of the unknown,,,,,,,,,Yes,Maybe,Yes,Sometimes,No,No,,Agree,No,Sometimes,,No
118020314848.0,Female,25-34,PAUL,Good,Work/job related stressors,,,,,,,,,,Some workmates choose and pick who to respect. Its stressful when you have to be anxious to engage with them when you are the disrespected party.,,,,,,Financial issues,,,,,No,Maybe,No,Yes,Sometimes,Yes,Yes,Neutral,No,Yes,More salary,No
118020313970.0,Male,45-54,PASL,Fair,Work/job related stressors,Emotional intelligence,,,Work Life Balance,,,Relationship Difficulties,,Anxiety and Depression,,Work life balance,Fear of the unknown,Anxiety,,,,,Fear of losing my job,,,Yes,Yes,No,Sometimes,Sometimes,No,Yes,Neutral,No,Sometimes,"Managing anxiety, fear of the unknown, feeling inadequate/self doubt",No
118020310873.0,Female,25-34,PLAZ,Good,,Emotional intelligence,Financial constraints,,Work Life Balance,Substance and Drug Dependence,Bereavement and Loss,Relationship Difficulties,,Anxiety and Depression,,,Fear of the unknown,,,,,Relationship issues,,Parenting,,No,No,No,No,No,Yes,No,Strongly disagree,No,Sometimes,Parenting,No
118020304537.0,Male,25-34,PLAZ,Fair,Work/job related stressors,,Financial constraints,,,,,Relationship Difficulties,Unresolved Childhood Difficulties,Anxiety and Depression,,Work life balance,Fear of the unknown,,Feeling overwhelmed and isolated,,Financial issues,,,,,Yes,Yes,Yes,Yes,Sometimes,Sometimes,Yes,Neutral,Yes,Yes,Emotional and Financial ,Yes
118020304379.0,Female,25-34,PLAZ,Fair,Work/job related stressors,,Financial constraints,,Work Life Balance,,,Relationship Difficulties,,,,,,,,,Financial issues,Relationship issues,Fear of losing my job,Parenting,,Yes,No,No,Sometimes,No,Sometimes,No,Neutral,No,Sometimes,"Single Parenting, Financial constraints",Yes
118020301001.0,Female,25-34,PLAZ,Good,Work/job related stressors,Emotional intelligence,Financial constraints,Trauma,Work Life Balance,Substance and Drug Dependence,Bereavement and Loss,Relationship Difficulties,Unresolved Childhood Difficulties,Anxiety and Depression,,Work life balance,Fear of the unknown,Anxiety,,,,Relationship issues,,,,Yes,No,No,No,No,No,No,Strongly disagree,No,Sometimes,Mental wellness regarding work life balance,No
118020296195.0,Female,25-34,PLAK,Fair,Work/job related stressors,Emotional intelligence,,,Work Life Balance,,,,,Anxiety and Depression,,Work life balance,,,Feeling overwhelmed and isolated,,,,,,,No,No,Yes,Sometimes,No,Sometimes,Yes,Neutral,No,Yes,Anxiety and depression,No
118020290971.0,Female,35-44,PLAK,Good,Work/job related stressors,,,Trauma,Work Life Balance,,,,,Anxiety and Depression,,Work life balance,Fear of the unknown,Anxiety,,,,,,,,Yes,Maybe,No,Sometimes,Sometimes,Sometimes,Yes,Neutral,No,Sometimes,,No
118020289207.0,Male,45-54,PASL,Good,,Emotional intelligence,,,Work Life Balance,,Bereavement and Loss,,,Anxiety and Depression,,,Fear of the unknown,,,,,,,Parenting,,,No,No,No,Sometimes,No,No,Disagree,No,No,,Yes
118020289305.0,Female,35-44,PLAZ,Fair,Work/job related stressors,Emotional intelligence,Financial constraints,,Work Life Balance,,,Relationship Difficulties,Unresolved Childhood Difficulties,Anxiety and Depression,,,,Anxiety,Feeling overwhelmed and isolated,,Financial issues,Relationship issues,Fear of losing my job,,,Yes,Yes,Yes,Sometimes,Sometimes,Yes,Yes,Neutral,No,Sometimes,Emotional wellbeing,Yes
118020288520.0,Male,25-34,PLAZ,Good,,Emotional intelligence,,,,Substance and Drug Dependence,,Relationship Difficulties,Unresolved Childhood Difficulties,Anxiety and Depression,,,,,,,,,Fear of losing my job,Parenting,,No,No,No,No,Sometimes,No,Yes,Strongly disagree,No,Sometimes,alcohol abuse/Parenting,Yes
118020285004.0,Female,35-44,PLAZ,Good,Work/job related stressors,Emotional intelligence,Financial constraints,Trauma,Work Life Balance,Substance and Drug Dependence,Bereavement and Loss,Relationship Difficulties,Unresolved Childhood Difficulties,Anxiety and Depression,,,Fear of the unknown,,,,,,,,,No,Maybe,No,Sometimes,No,Sometimes,Maybe,Disagree,No,No,,No
118020284098.0,Female,25-34,PLAZ,Good,,,Financial constraints,,,,,Relationship Difficulties,,,,,,,,,Financial issues,,,,,Yes,No,No,Sometimes,No,No,No,Strongly disagree,No,Sometimes,Coming out of debts over coming financial challeges,Yes
118020282725.0,Female,25-34,PLAZ,Poor,Work/job related stressors,,Financial constraints,Trauma,Work Life Balance,,,,,Anxiety and Depression,,,Fear of the unknown,Anxiety,Feeling overwhelmed and isolated,,Financial issues,,,,,Yes,Yes,Yes,Yes,Yes,Yes,Yes,Strongly agree,Yes,Sometimes,"Mental, Financial and Emotional stress",Yes
118020282460.0,Male,35-44,PLAZ,Excellent,Work/job related stressors,,Financial constraints,,Work Life Balance,,,,,,,,,,,,,,,,,No,No,No,No,No,No,No,Strongly disagree,No,No,,No
118020278800.0,Female,35-44,PLAZ,Good,,,,,Work Life Balance,,,,,,,,,,,,,,,Parenting,,No,No,No,No,No,Yes,Yes,Strongly disagree,No,Sometimes,Career path,No
118020278186.0,Female,25-34,PLAZ,Good,Work/job related stressors,Emotional intelligence,Financial constraints,Trauma,Work Life Balance,,Bereavement and Loss,Relationship Difficulties,Unresolved Childhood Difficulties,Anxiety and Depression,,Work life balance,,Anxiety,Feeling overwhelmed and isolated,,,,,,,Yes,Maybe,No,Yes,Sometimes,Sometimes,Maybe,Neutral,No,Yes,on why i feel fatigued all the time as my body and mind are always tired,Yes
118020277925.0,Female,25-34,PLAZ,Very Poor,Work/job related stressors,,,,Work Life Balance,,,,Unresolved Childhood Difficulties,Anxiety and Depression,,,,Anxiety,Feeling overwhelmed and isolated,,,,,,,Yes,Yes,Yes,Yes,Yes,Yes,Yes,Strongly agree,Yes,Yes,finding the good in the bad,No
118020277875.0,Male,25-34,PLAK,Good,Work/job related stressors,Emotional intelligence,,,Work Life Balance,,,,,,,Work life balance,Fear of the unknown,,,,,,,,,No,No,No,No,Sometimes,No,No,Strongly disagree,No,No,Tips on how to be emotionally intelligent,No
118020275181.0,Female,35-44,PASL,Good,Work/job related stressors,Emotional intelligence,,,Work Life Balance,,Bereavement and Loss,,Unresolved Childhood Difficulties,,,Work life balance,,,,,,,,Parenting,,Yes,Yes,No,Sometimes,No,No,Yes,Disagree,No,Yes,,No
118020275095.0,Female,25-34,PASL,Good,Work/job related stressors,Emotional intelligence,Financial constraints,,Work Life Balance,,,Relationship Difficulties,Unresolved Childhood Difficulties,,,Work life balance,,,,,,,,,,No,No,No,No,No,No,No,Strongly disagree,No,No,,Yes
118020274021.0,Male,35-44,PLAK,Excellent,,,Financial constraints,,Work Life Balance,,,,Unresolved Childhood Difficulties,,Too difficult to balance ,,,,,,,Relationship issues,Fear of losing my job,,,No,No,No,No,No,No,No,Strongly agree,No,No,Financial literacy ,No
118020272296.0,Male,25-34,PPMZ,Good,Work/job related stressors,Emotional intelligence,Financial constraints,,Work Life Balance,,,,,,,Work life balance,,,,,,,,,,No,No,No,No,No,No,No,Strongly disagree,No,Sometimes,,No
118020263715.0,Female,35-44,PLAK,Good,Work/job related stressors,Emotional intelligence,Financial constraints,,Work Life Balance,,,,,Anxiety and Depression,,Work life balance,Fear of the unknown,,,,Financial issues,,,,,Yes,Maybe,No,Sometimes,Sometimes,Yes,Yes,Agree,Yes,Yes,"How to manage my finances, How to manage pressure at work",Yes
118020259071.0,Male,25-34,PLAK,Good,Work/job related stressors,Emotional intelligence,,,Work Life Balance,,,,,,,Work life balance,,,,,Financial issues,,,Parenting,,Yes,No,No,Sometimes,No,No,Maybe,Disagree,No,No,,No
118020247126.0,Female,35-44,PLAK,Good,Work/job related stressors,Emotional intelligence,,,Work Life Balance,,,Relationship Difficulties,Unresolved Childhood Difficulties,Anxiety and Depression,,Work life balance,Fear of the unknown,,Feeling overwhelmed and isolated,,,,Fear of losing my job,,,Yes,Maybe,No,Sometimes,No,Sometimes,No,Disagree,No,No,,No
118020247125.0,Female,25-34,PLAK,Good,Work/job related stressors,,Financial constraints,,,,,Relationship Difficulties,,Anxiety and Depression,,,Fear of the unknown,,,,,,,,,Yes,Maybe,No,Sometimes,Sometimes,Sometimes,No,Disagree,No,Sometimes,Work/job related stressors,Yes
118020243626.0,Male,35-44,PLAK,Excellent,,Emotional intelligence,Financial constraints,,,,,Relationship Difficulties,Unresolved Childhood Difficulties,Anxiety and Depression,Nil,,,,,,,,,,Nil,Yes,No,No,Sometimes,Sometimes,Yes,Maybe,Strongly agree,No,No,Financial advice ,No
118020240209.0,Male,35-44,PLAK,Good,Work/job related stressors,,Financial constraints,,Work Life Balance,,,,,Anxiety and Depression,,Work life balance,,,,,,,,,,No,No,No,Sometimes,No,No,No,Disagree,No,No,,No
118020235833.0,Female,45-54,PLAK,Fair,,,,,Work Life Balance,,,,,,,Work life balance,,,,,,,,,,No,Maybe,No,Sometimes,Sometimes,Sometimes,Yes,Neutral,No,Yes,Time management work life balance  priorities me time,No
118020219713.0,Male,25-34,PLAK,Fair,,Emotional intelligence,Financial constraints,,,,,,Unresolved Childhood Difficulties,Anxiety and Depression,,,Fear of the unknown,Anxiety,Feeling overwhelmed and isolated,,Financial issues,,,,,Yes,No,No,Sometimes,Sometimes,Sometimes,Yes,Neutral,No,Sometimes,,No
118020213377.0,Female,25-34,PLAK,Fair,Work/job related stressors,Emotional intelligence,,,Work Life Balance,,,,,Anxiety and Depression,,Work life balance,,,Feeling overwhelmed and isolated,,,,,,,No,No,Yes,Sometimes,No,Sometimes,Yes,Neutral,No,Yes,Anxiety and depression,No
118020209457.0,Female,35-44,PLAK,Fair,Work/job related stressors,,Financial constraints,,Work Life Balance,,,Relationship Difficulties,,Anxiety and Depression,,Work life balance,,Anxiety,Feeling overwhelmed and isolated,,Financial issues,Relationship issues,Fear of losing my job,Parenting,,Yes,Maybe,No,Sometimes,Sometimes,Sometimes,Maybe,Neutral,No,Sometimes,.,No
118020207851.0,Female,25-34,PLAK,Fair,Work/job related stressors,,Financial constraints,,,,Bereavement and Loss,,,Anxiety and Depression,,,Fear of the unknown,Anxiety,,,Financial issues,,,,,Yes,No,No,Sometimes,Sometimes,Sometimes,Yes,Disagree,No,Sometimes,,No
118020190941.0,Female,45-54,PLAK,Fair,Work/job related stressors,Emotional intelligence,,,Work Life Balance,,,Relationship Difficulties,,Anxiety and Depression,,Work life balance,Fear of the unknown,Anxiety,Feeling overwhelmed and isolated,,,Relationship issues,Fear of losing my job,,,Yes,No,No,Sometimes,Sometimes,Sometimes,No,Strongly agree,No,No,Work life Intergration,No
118020182695.0,Female,25-34,PPMZ,Very Poor,Work/job related stressors,,,,Work Life Balance,,,,,Anxiety and Depression,,Work life balance,,Anxiety,Feeling overwhelmed and isolated,,,,,,,No,Yes,No,Yes,Sometimes,No,Yes,Neutral,No,Yes,Worklife balance,No
118020166636.0,Male,35-44,PLAK,Fair,Work/job related stressors,Emotional intelligence,Financial constraints,,Work Life Balance,,,Relationship Difficulties,,Anxiety and Depression,,,Fear of the unknown,Anxiety,,,Financial issues,Relationship issues,Fear of losing my job,,,Yes,Yes,No,Yes,Yes,Yes,Yes,Neutral,No,Sometimes,Relationship,Yes
118020161459.0,Female,35-44,PPMZ,Good,Work/job related stressors,Emotional intelligence,,,Work Life Balance,,,,,,,,,,,Fear of contracting Covid-19,,,,,Spending time with my special needs child who has had brain damage and the need to execute  my work from the office  because the two are very important to me,Yes,No,No,Sometimes,No,Sometimes,No,Strongly disagree,No,Sometimes,"I would like to be supported by allowing me to  working three days of the week  remotely so that i can spend time with my special needs child who also has brain damage, sickle cell anemia and is paralyzed.",No
118020158132.0,Female,45-54,PLAK,Fair,Work/job related stressors,,,,Work Life Balance,,,,Unresolved Childhood Difficulties,Anxiety and Depression,,Work life balance,,Anxiety,,,Financial issues,,,,,Yes,Yes,No,Sometimes,Yes,Sometimes,Yes,Disagree,No,Yes,Managing Anxiety,No
118020150694.0,Female,18-24,PLAK,Poor,Work/job related stressors,Emotional intelligence,,,Work Life Balance,,,,,Anxiety and Depression,,Work life balance,Fear of the unknown,Anxiety,Feeling overwhelmed and isolated,,,,,,,Yes,Yes,Yes,Yes,Yes,Sometimes,Maybe,Strongly agree,Yes,Yes,,Yes
118020148782.0,Male,35-44,PPMZ,Fair,Work/job related stressors,Emotional intelligence,,,Work Life Balance,,,,,Anxiety and Depression,,Work life balance,,,Feeling overwhelmed and isolated,,,,Fear of losing my job,,,Yes,Yes,No,Sometimes,Sometimes,Sometimes,Maybe,Neutral,Yes,Yes,work,Yes
118020145402.0,Male,35-44,PLAK,Good,Work/job related stressors,Emotional intelligence,Financial constraints,,,,,,,Anxiety and Depression,,,,,Feeling overwhelmed and isolated,,Financial issues,,,,,Yes,Yes,No,Sometimes,Sometimes,Sometimes,Yes,Disagree,No,Sometimes,,No
118020144995.0,Female,45-54,PLAK,Fair,Work/job related stressors,,,,Work Life Balance,,,,,,,Work life balance,,,Feeling overwhelmed and isolated,,,,Fear of losing my job,,,Yes,Maybe,No,Yes,No,Yes,Yes,Neutral,No,Yes,m,No
118020144885.0,Female,35-44,PPMZ,Excellent,Work/job related stressors,,Financial constraints,,Work Life Balance,,Bereavement and Loss,,,,,,Fear of the unknown,Anxiety,,,Financial issues,Relationship issues,,,,No,No,No,Sometimes,Sometimes,Sometimes,No,Strongly disagree,No,Sometimes,,No
118020144033.0,Female,35-44,PLAK,Poor,Work/job related stressors,,Financial constraints,,Work Life Balance,,,,,,,Work life balance,,,Feeling overwhelmed and isolated,,Financial issues,,,,,Yes,No,No,Yes,Yes,Yes,Yes,Agree,No,Yes,Staffing,No
118020143987.0,Female,25-34,PLAK,Fair,Work/job related stressors,Emotional intelligence,Financial constraints,,Work Life Balance,,,Relationship Difficulties,Unresolved Childhood Difficulties,Anxiety and Depression,,Work life balance,,,Feeling overwhelmed and isolated,,Financial issues,,,,,No,No,No,Sometimes,No,No,Maybe,Strongly disagree,No,Yes,Financial constraints,Yes
118020143441.0,Female,35-44,PLAK,Good,,,,,,,,Relationship Difficulties,Unresolved Childhood Difficulties,,,,,,,,,Relationship issues,,,,Yes,No,No,No,No,No,No,Disagree,No,No,relationship,No
118020141882.0,Male,25-34,PPMZ,Fair,Work/job related stressors,,,,Work Life Balance,,,,,Anxiety and Depression,,Work life balance,Fear of the unknown,,,,,,Fear of losing my job,,,No,No,No,Sometimes,No,Yes,Yes,Neutral,No,Yes,At the moment I rely on myself,No
